EmployeeNumber,Department,Education,Gender,Age,JobLevel,JobRole,MaritalStatus,NumCompaniesWorked,PerformanceRating,TrainingTimesLastYear,YearsAtCompany,YearsInCurrentRole,YearsSinceLastPromotion,YearsWithCurr4,JobSatisfaction,EnvironmentSatisfaction,WorkLifeBalance,EmployeeCount
1,2,2,2,41,2,6,1,8,3,0,6,4,0,5,4,2,1,1
2,1,1,1,49,2,3,2,1,4,3,10,7,1,7,2,3,3,1
4,1,2,1,37,1,2,1,6,3,3,0,0,0,0,3,4,3,1
5,1,4,2,33,1,3,2,1,3,3,8,7,3,0,3,4,3,1
7,1,1,1,27,1,2,2,9,3,3,2,2,2,2,2,1,3,1
8,1,2,1,32,1,2,1,0,3,2,7,7,3,6,4,4,2,1
10,1,3,2,59,1,2,2,4,4,3,1,0,0,0,1,3,2,1
11,1,1,1,30,1,2,3,1,4,2,1,0,0,0,3,4,3,1
12,1,3,1,38,3,5,1,0,4,2,9,7,1,8,3,4,3,1
13,1,3,1,36,2,1,2,6,3,3,7,7,7,7,3,3,2,1
14,1,3,1,35,1,2,2,0,3,5,5,4,0,3,2,1,3,1
15,1,2,2,29,2,2,1,0,3,3,9,5,0,8,3,4,3,1
16,1,1,1,31,1,3,3,1,3,1,5,2,4,3,3,1,2,1
18,1,2,1,34,1,2,3,0,3,2,2,2,1,2,4,2,3,1
19,1,3,1,28,1,2,1,5,3,4,4,2,0,3,3,3,3,1
20,1,4,2,29,3,5,3,1,3,1,10,9,8,8,1,2,3,1
21,1,2,1,32,1,3,3,0,3,5,6,2,0,5,2,1,2,1
22,1,2,1,22,1,2,3,1,3,2,1,0,0,0,4,4,2,1
23,2,4,2,53,4,4,2,2,3,3,25,8,3,7,4,1,3,1
24,1,3,1,38,1,3,1,5,3,3,3,2,1,2,4,4,3,1
26,1,2,2,24,2,5,3,0,3,5,4,2,1,3,3,1,2,1
27,2,4,1,36,1,7,1,7,4,4,5,3,0,3,1,3,3,1
28,1,4,2,34,3,9,1,0,3,4,12,6,2,11,2,1,3,1
30,1,2,1,21,1,3,1,1,3,6,0,0,0,0,4,3,3,1
31,1,1,1,34,1,3,1,2,3,2,4,2,1,3,1,2,3,1
32,1,3,2,53,5,4,3,4,3,3,14,13,4,8,3,3,2,1
33,1,1,2,32,1,3,1,1,4,5,10,2,6,7,1,2,3,1
35,2,4,1,42,2,6,2,0,3,2,9,7,4,2,2,3,3,1
36,1,4,2,44,3,1,2,3,3,4,22,6,5,17,4,1,3,1
38,2,4,2,46,5,4,1,3,3,2,2,2,2,1,1,2,2,1
39,1,3,1,33,1,2,1,4,3,3,1,1,0,0,4,3,3,1
40,1,4,1,44,2,1,2,2,3,5,4,2,1,3,4,4,4,1
41,1,2,1,30,1,2,1,1,3,5,10,0,1,8,3,4,3,1
42,2,3,1,39,2,7,2,3,3,6,1,0,0,0,4,4,4,1
45,1,3,1,24,1,3,2,2,3,2,2,0,2,0,4,2,2,1
46,1,2,2,43,1,3,3,1,3,3,5,3,1,4,3,4,2,1
47,2,2,1,50,1,7,2,1,3,2,3,2,0,2,3,1,3,1
49,2,3,2,35,1,7,2,1,3,3,2,2,2,2,4,4,3,1
51,1,4,2,36,1,3,2,9,3,3,1,1,0,0,1,2,4,1
52,2,3,2,33,2,6,2,2,3,3,5,3,1,3,1,3,3,1
53,1,2,1,35,1,2,3,1,3,3,1,0,0,0,4,3,3,1
54,1,4,2,27,1,2,3,1,3,6,1,0,0,0,1,4,3,1
55,1,3,1,26,1,2,1,1,3,2,1,0,0,1,3,1,2,1
56,2,3,1,27,3,6,1,1,3,0,9,8,1,7,3,4,3,1
57,1,2,2,30,2,2,1,1,4,2,12,8,3,7,4,3,3,1
58,1,3,2,41,5,9,2,1,3,0,22,15,15,8,3,2,3,1
60,2,4,1,34,2,6,1,0,4,2,9,5,8,7,3,2,3,1
61,1,2,1,37,1,3,2,4,4,1,1,0,0,0,2,2,3,1
62,2,4,1,46,2,6,1,4,4,4,9,6,0,8,4,1,3,1
63,1,1,1,35,1,2,2,1,3,2,1,0,0,1,4,4,3,1
64,1,2,1,48,3,2,1,9,3,2,1,0,0,0,3,1,3,1
65,1,4,1,28,1,2,1,1,3,3,2,2,2,2,3,3,2,1
68,2,5,2,44,2,6,3,5,4,2,4,3,1,3,1,2,2,1
70,1,2,1,35,3,1,2,2,3,3,4,0,2,3,1,3,3,1
72,2,3,2,26,2,6,2,7,3,2,2,2,0,0,4,3,2,1
73,1,2,2,33,3,9,1,1,3,1,15,14,8,12,4,1,3,1
74,2,5,1,35,3,6,2,1,4,3,9,8,1,8,1,2,2,1
75,1,4,2,35,1,2,2,3,3,3,2,2,2,2,1,3,3,1
76,1,4,1,31,2,2,3,3,4,3,7,7,1,7,4,4,2,1
77,1,4,1,37,2,5,3,1,3,2,7,5,0,7,3,1,4,1
78,1,3,1,32,2,5,2,1,4,3,9,8,7,8,4,1,3,1
79,1,5,2,38,2,2,1,1,3,2,10,3,9,9,4,4,3,1
80,1,2,2,50,5,9,3,5,3,2,27,3,13,8,3,2,2,1
81,2,3,2,59,3,6,1,7,3,3,21,16,7,9,1,1,2,1
83,1,3,2,36,3,1,3,1,3,2,17,14,12,8,3,3,3,1
84,1,3,2,55,4,4,3,2,3,2,5,0,0,2,3,4,3,1
85,1,3,1,36,2,5,1,1,3,3,6,5,0,3,2,2,3,1
86,1,3,3,45,3,3,3,2,3,2,1,0,0,0,1,2,3,1
88,1,3,1,35,1,3,2,4,3,2,3,2,1,2,1,2,2,1
90,1,3,1,36,1,3,2,0,3,0,1,0,0,0,3,4,2,1
91,2,1,2,59,2,6,1,7,3,2,4,3,1,3,3,1,2,1
94,1,3,1,29,1,3,2,0,4,3,5,4,0,4,2,3,3,1
95,1,4,1,31,1,3,1,1,3,4,1,1,1,0,2,3,3,1
96,1,3,1,32,2,3,2,1,3,3,10,4,0,9,2,2,3,1
97,1,3,2,36,1,2,2,3,3,3,1,0,0,0,4,2,3,1
98,1,4,2,31,2,5,1,1,4,2,11,7,1,8,4,3,3,1
100,2,4,1,35,2,6,1,0,3,2,15,13,2,8,1,3,3,1
101,1,4,1,45,3,9,2,4,3,3,0,0,0,0,1,4,4,1
102,1,4,1,37,3,9,1,4,3,3,5,2,0,2,3,1,4,1
103,3,2,1,46,2,8,3,8,4,2,4,2,0,2,2,2,3,1
104,1,1,1,30,2,2,2,1,3,1,10,8,3,0,4,4,2,1
105,1,3,1,35,1,3,1,1,3,3,6,4,0,4,3,2,3,1
106,2,2,1,55,3,6,2,3,3,4,1,0,1,0,4,1,3,1
107,1,3,2,38,2,3,3,7,3,3,13,11,1,9,4,2,3,1
110,1,2,1,34,2,5,2,1,3,2,5,2,1,3,2,1,3,1
112,1,3,1,56,3,5,1,4,3,3,6,4,0,2,4,4,2,1
113,2,1,1,23,1,7,3,3,3,3,0,0,0,0,1,3,3,1
116,1,4,1,51,1,2,2,3,4,4,4,2,0,3,4,4,3,1
117,1,3,1,30,2,1,2,1,3,3,11,10,10,8,4,3,3,1
118,2,2,1,46,3,6,1,1,3,3,9,8,4,7,4,3,3,1
119,1,4,1,40,4,1,2,1,4,3,22,3,11,11,2,3,2,1
120,2,4,1,51,2,6,1,0,4,2,10,7,1,0,4,3,1,1
121,2,2,2,30,2,6,3,1,3,4,11,8,2,7,2,3,2,1
124,1,3,1,46,3,1,2,2,3,5,10,9,9,5,1,3,2,1
125,2,4,1,32,2,6,1,1,3,0,11,8,5,7,3,2,3,1
126,1,4,2,54,3,9,2,9,3,5,4,3,0,3,3,1,1,1
128,2,2,2,24,2,6,2,0,4,2,3,2,0,2,3,1,2,1
129,2,3,1,28,2,6,2,1,3,3,5,4,0,4,3,2,4,1
131,2,4,1,58,4,6,1,0,3,1,37,10,1,8,3,4,2,1
132,1,3,1,44,2,2,2,4,3,3,3,2,1,2,2,2,4,1
133,3,4,1,37,1,8,3,4,4,3,3,2,0,2,1,3,3,1
134,1,1,1,32,1,3,1,1,3,2,1,0,0,0,1,4,3,1
137,1,3,2,20,1,2,1,1,3,5,1,0,1,0,4,4,3,1
138,1,4,2,34,2,3,1,1,3,3,16,13,2,10,3,1,3,1
139,1,2,1,37,2,1,3,5,3,2,1,0,0,0,4,3,4,1
140,3,4,2,59,5,4,2,9,4,3,3,2,2,2,4,3,3,1
141,1,3,3,50,5,9,2,3,3,1,8,3,0,7,2,1,2,1
142,2,3,1,25,2,6,1,1,3,1,6,4,0,3,3,3,3,1
143,1,1,1,25,1,3,2,1,3,2,2,2,2,1,4,4,3,1
144,1,3,2,22,1,2,1,1,3,5,0,0,0,0,4,2,3,1
145,1,4,2,51,3,1,1,3,4,1,13,12,12,8,1,1,2,1
147,1,3,1,34,2,2,1,1,4,3,9,7,0,6,3,1,3,1
148,3,3,2,54,4,4,1,2,3,3,5,3,4,4,4,4,3,1
150,1,1,1,24,1,2,2,0,3,2,5,3,1,2,3,2,3,1
151,1,4,2,34,2,3,3,6,3,3,1,0,0,0,2,3,3,1
152,2,3,1,37,3,6,1,2,3,3,5,3,1,3,4,3,3,1
153,1,3,2,34,3,4,1,2,3,6,11,10,5,8,1,3,3,1
154,2,2,2,36,3,6,2,0,3,6,9,7,2,8,4,2,3,1
155,1,2,2,36,1,2,3,5,4,2,1,0,0,0,4,1,3,1
158,2,2,1,43,4,4,2,1,3,3,25,12,4,12,4,3,4,1
159,1,3,1,30,1,3,3,1,4,2,10,7,0,9,3,1,2,1
160,2,2,1,33,2,6,2,0,3,2,7,7,0,7,2,3,4,1
161,1,4,2,56,1,3,2,9,3,2,5,4,4,3,2,2,3,1
162,1,3,1,51,5,9,1,7,3,5,20,18,15,15,3,1,3,1
163,2,4,1,31,2,6,2,4,3,3,7,7,7,7,3,2,2,1
164,1,3,2,26,1,3,2,1,3,3,5,4,4,3,2,3,2,1
165,1,4,2,58,3,1,2,1,3,3,40,10,15,6,4,4,2,1
167,2,1,1,19,1,7,1,1,3,2,0,0,0,0,3,4,2,1
169,1,1,1,22,1,2,2,0,3,2,2,1,2,1,4,3,3,1
170,1,4,2,49,2,5,2,1,3,2,15,11,5,11,1,3,2,1
171,1,3,2,43,1,3,1,4,3,2,3,2,1,2,3,2,3,1
174,2,3,2,50,3,6,1,4,3,3,2,2,2,1,4,3,3,1
175,2,3,2,31,2,6,2,3,3,2,2,2,2,2,3,2,3,1
176,2,1,1,41,3,6,3,3,3,2,9,7,0,7,3,3,3,1
177,3,1,2,26,1,8,2,1,4,3,8,7,5,7,3,3,3,1
178,1,2,1,36,2,5,3,6,4,0,3,2,0,1,2,2,3,1
179,1,4,1,51,3,5,1,2,3,2,4,2,0,3,4,1,3,1
182,2,4,2,39,2,6,2,4,3,1,15,11,5,9,3,4,4,1
183,2,3,1,25,2,6,2,2,3,3,2,2,2,2,3,1,3,1
184,3,3,1,30,2,8,2,0,3,2,11,9,4,7,4,3,1,1
190,1,3,2,32,1,2,1,7,4,2,5,4,0,4,1,1,4,1
192,1,3,1,45,1,3,1,5,3,2,6,5,0,3,4,3,2,1
193,1,5,2,38,2,3,1,3,4,2,3,2,2,2,3,4,3,1
194,1,3,2,30,1,3,1,1,3,4,5,4,0,4,3,1,2,1
195,2,2,1,32,2,6,3,0,3,2,8,7,0,7,4,4,4,1
197,1,3,2,30,1,3,3,5,3,3,3,2,2,2,1,4,3,1
198,1,1,1,30,1,2,1,0,3,3,5,3,1,2,4,2,3,1
199,1,3,1,41,4,4,3,4,3,2,7,6,7,7,1,4,2,1
200,1,4,1,41,1,2,2,2,4,2,5,0,1,4,1,3,3,1
201,1,1,2,19,1,2,1,1,3,3,1,0,0,0,2,2,3,1
202,1,3,2,40,2,3,3,1,3,2,20,7,2,13,2,2,3,1
204,2,5,1,35,3,6,2,1,3,3,10,8,0,6,2,3,3,1
205,2,2,1,53,2,7,2,2,4,3,7,7,4,5,3,2,1,1
206,1,3,1,45,2,2,3,8,3,2,17,9,0,15,2,2,1,1
207,2,3,2,32,3,6,1,1,3,2,9,8,3,7,4,2,3,1
208,1,1,1,29,2,5,2,1,3,1,10,7,0,9,3,4,3,1
211,1,4,1,51,2,5,2,2,3,2,1,0,0,0,3,2,3,1
214,1,3,2,58,1,3,2,4,4,3,1,0,0,0,2,2,2,1
215,2,4,1,40,3,6,2,7,3,2,12,11,2,11,4,3,2,1
216,2,4,2,34,1,7,2,6,3,3,4,3,1,2,3,3,3,1
217,1,1,1,22,1,3,2,1,4,6,2,2,2,2,4,3,3,1
218,1,3,1,27,1,3,3,6,3,1,2,2,2,2,2,4,1,1
221,1,3,1,28,1,3,2,1,3,2,5,2,0,2,4,3,1,1
223,1,2,1,57,3,1,3,3,3,2,5,3,1,4,4,3,1,1
224,1,3,1,27,1,3,3,1,3,2,1,1,0,1,3,3,2,1
226,1,3,2,50,5,4,1,3,3,5,5,4,4,4,2,3,3,1
227,1,3,1,41,1,3,3,4,3,2,9,8,1,8,3,1,3,1
228,2,3,2,30,3,6,2,2,3,2,10,9,7,4,4,2,3,1
230,2,4,2,38,2,6,1,4,4,2,8,3,0,7,4,1,4,1
231,1,5,1,32,1,3,1,3,4,2,5,4,1,4,3,3,3,1
233,1,3,1,27,1,3,2,0,3,3,5,2,1,1,2,3,2,1
235,2,1,2,19,1,7,1,0,4,5,0,0,0,0,1,3,4,1
238,1,2,1,36,1,2,1,4,3,3,8,7,7,2,2,4,2,1
239,1,3,1,30,2,2,3,1,3,4,12,9,6,10,1,3,3,1
240,2,2,2,45,2,6,3,4,3,3,5,4,0,3,1,3,4,1
241,1,3,2,56,1,3,3,4,3,3,2,2,2,2,1,3,3,1
242,1,3,1,33,1,3,1,0,3,2,3,1,0,2,4,3,4,1
243,1,3,1,19,1,2,1,1,4,3,1,0,1,0,4,2,2,1
244,2,2,2,46,3,6,3,1,4,2,24,13,15,7,1,2,3,1
245,1,2,2,38,1,2,1,1,3,3,2,2,2,1,4,3,3,1
246,1,1,2,31,1,3,2,8,4,0,4,2,0,2,4,3,3,1
247,1,2,2,34,1,3,1,2,3,3,3,2,1,2,2,4,3,1
248,2,2,2,41,1,7,1,1,4,5,4,3,0,2,2,2,2,1
249,1,3,1,50,1,2,2,2,3,2,3,2,0,2,3,3,2,1
250,1,2,2,53,2,5,3,1,3,3,4,2,1,3,1,4,3,1
252,1,3,2,33,1,3,2,1,3,5,8,7,1,6,2,4,3,1
253,1,1,2,40,5,4,2,1,3,2,20,8,9,9,3,4,3,1
254,1,4,1,55,5,9,1,8,3,3,24,15,2,15,2,3,3,1
256,1,1,1,34,2,5,2,1,3,2,10,9,1,9,3,4,2,1
258,1,3,2,51,4,1,1,3,3,6,7,7,1,0,2,4,3,1
259,1,4,1,52,5,4,2,0,3,5,33,18,11,9,3,3,3,1
260,1,3,2,27,1,3,1,1,3,2,7,7,0,3,2,4,2,1
261,1,2,1,35,2,5,2,3,3,1,1,0,0,1,3,2,3,1
262,1,3,1,43,1,3,3,4,3,3,5,4,2,2,4,4,4,1
264,1,2,1,45,4,4,2,9,4,1,20,8,11,8,4,1,3,1
267,1,3,1,37,1,3,2,1,3,3,8,7,1,7,1,2,2,1
269,1,3,2,35,2,2,1,5,3,5,6,2,1,2,2,2,3,1
270,1,2,2,42,2,5,3,2,3,5,5,3,0,2,3,3,3,1
271,1,4,1,38,2,5,2,9,3,3,1,0,0,0,3,4,3,1
273,1,3,1,38,2,5,2,3,3,3,7,7,1,7,4,4,1,1
274,1,1,1,27,2,5,2,5,3,1,2,2,2,0,1,3,3,1
275,1,4,1,49,2,5,3,1,3,0,7,7,1,7,4,4,3,1
277,1,4,1,34,1,3,3,1,3,4,5,3,2,0,3,4,4,1
281,1,2,1,40,2,2,2,8,3,2,7,2,3,7,4,3,4,1
282,1,1,1,38,2,1,2,7,3,2,1,0,0,0,1,2,3,1
283,2,3,2,29,3,6,2,1,4,3,10,4,1,9,4,2,2,1
284,1,3,1,22,1,3,3,1,3,2,4,2,2,2,2,4,2,1
286,1,1,2,36,1,2,1,1,3,2,8,1,1,7,4,2,3,1
287,1,5,1,40,2,1,2,9,3,5,3,2,0,2,4,4,1,1
288,1,4,1,46,3,1,3,7,3,3,4,2,0,3,1,4,3,1
291,2,4,1,32,3,6,2,1,3,2,14,8,9,8,4,4,2,1
292,1,1,1,30,3,5,1,1,4,2,11,8,5,8,3,3,3,1
293,2,3,2,27,2,6,1,1,3,2,7,7,0,7,3,4,3,1
296,1,4,1,51,3,9,2,5,3,5,10,9,4,7,2,2,1,1
297,1,3,2,30,1,3,1,5,3,5,5,2,0,4,1,4,3,1
298,2,3,2,41,3,4,1,3,3,3,1,0,0,0,4,4,3,1
299,2,4,2,30,2,6,1,5,3,5,6,3,0,1,1,3,2,1
300,1,3,1,29,1,3,1,0,3,1,6,2,1,5,3,3,2,1
302,2,3,2,45,3,6,1,6,3,2,19,7,12,8,4,4,3,1
303,2,3,2,54,2,6,2,2,3,4,6,2,0,5,1,4,3,1
304,1,2,1,36,2,2,1,8,3,3,13,11,3,7,2,4,4,1
305,1,4,2,33,1,3,2,6,4,3,3,2,1,1,2,3,3,1
306,1,3,1,37,3,9,3,1,3,1,10,8,0,7,4,2,3,1
307,2,3,1,38,3,6,3,0,3,6,16,10,5,13,3,1,2,1
308,1,4,1,31,2,5,2,0,3,2,5,4,1,4,3,3,3,1
309,1,3,1,59,1,3,2,3,3,6,1,0,0,0,4,3,3,1
311,2,4,1,37,1,7,3,4,3,2,9,8,5,8,4,1,3,1
312,2,1,2,29,3,6,2,1,3,5,11,10,4,1,4,2,3,1
314,2,3,2,35,3,6,1,1,3,3,10,7,0,8,3,3,4,1
315,1,1,1,29,1,3,1,1,3,3,4,3,0,1,4,3,2,1
316,1,3,2,52,1,2,1,7,3,3,2,2,2,2,4,3,2,1
319,1,2,1,42,5,4,2,1,3,3,22,17,11,15,4,3,3,1
321,3,2,1,59,1,8,2,8,3,2,2,2,2,2,3,2,2,1
323,2,4,2,50,5,4,3,3,3,3,7,0,0,6,4,4,2,1
325,1,3,1,33,1,2,2,5,3,2,5,4,0,4,4,3,1,1
327,2,3,2,43,4,4,2,5,4,3,17,13,1,9,4,4,3,1
328,1,2,2,33,1,2,2,7,4,3,9,7,1,7,1,1,4,1
329,2,4,1,52,5,4,1,1,3,2,33,7,15,12,3,1,4,1
330,2,2,2,32,1,7,2,2,3,5,4,3,1,2,2,3,3,1
331,1,3,1,32,1,2,1,0,3,2,3,2,1,2,3,4,1,1
332,1,4,2,39,1,2,3,7,3,1,3,2,1,2,3,3,3,1
333,2,4,1,32,2,6,2,0,3,2,3,2,2,2,4,3,3,1
334,1,2,1,41,2,3,3,2,3,2,1,0,0,0,1,3,2,1
335,1,2,1,40,2,3,3,1,3,3,9,8,4,7,4,1,3,1
336,1,3,1,45,5,4,2,0,3,2,24,0,1,7,4,3,3,1
337,1,4,1,31,3,9,3,9,3,3,2,2,2,2,3,2,3,1
338,1,4,2,33,1,3,2,1,3,2,2,2,0,2,4,3,2,1
339,1,4,1,34,2,5,2,6,3,3,11,9,5,9,1,4,3,1
340,1,2,2,37,1,3,2,2,3,2,3,1,0,2,1,3,2,1
341,1,4,1,45,2,5,2,4,3,1,3,2,0,2,3,1,3,1
342,1,3,1,37,3,5,3,6,3,5,1,0,0,0,3,1,3,1
343,1,4,2,39,3,1,1,0,4,1,19,6,11,8,3,3,3,1
346,1,3,1,29,1,3,1,1,3,1,6,5,1,5,4,3,3,1
347,1,2,2,42,2,3,1,3,3,1,3,2,0,2,1,4,3,1
349,2,2,1,29,2,6,3,2,3,2,3,2,0,2,4,4,3,1
350,1,3,2,25,2,5,2,0,3,3,4,2,1,2,3,1,3,1
351,1,3,2,42,1,2,3,0,3,4,9,6,7,8,1,4,3,1
352,1,2,1,40,5,9,3,0,3,5,21,7,3,9,3,1,3,1
353,1,3,1,51,1,3,2,1,3,0,1,0,0,0,4,3,2,1
355,1,2,1,31,1,2,1,0,3,2,5,4,1,4,2,3,4,1
359,1,3,1,32,1,2,2,1,4,3,5,1,0,3,2,2,1,1
361,2,2,1,38,2,6,2,3,3,0,8,7,7,5,4,4,3,1
362,1,1,1,32,2,2,1,4,3,5,6,2,0,4,1,4,3,1
363,2,3,2,46,4,4,2,3,3,2,7,7,7,7,2,3,2,1
364,1,4,1,28,1,2,1,2,3,5,0,0,0,0,3,1,1,1
366,2,3,1,29,2,6,2,2,3,2,0,0,0,0,2,1,3,1
367,1,3,1,31,2,1,2,0,4,2,9,0,7,8,4,2,3,1
369,1,2,1,25,2,1,3,1,3,2,6,3,1,5,1,2,3,1
372,1,2,1,45,4,1,2,0,3,2,20,7,4,10,4,3,3,1
373,1,3,1,36,1,2,2,0,3,4,15,13,10,11,4,4,3,1
374,1,3,1,55,5,4,1,0,3,2,36,10,4,13,1,4,3,1
376,1,4,1,47,3,4,2,1,3,2,10,7,9,9,2,1,2,1
377,1,3,1,28,1,3,2,1,4,3,5,2,0,4,4,4,2,1
378,2,4,1,37,2,6,2,4,3,5,5,4,0,1,4,3,4,1
379,1,2,1,21,1,3,1,1,3,4,3,2,1,0,3,4,4,1
380,1,4,2,37,3,9,3,2,3,2,5,2,0,2,4,1,3,1
381,1,3,2,35,3,4,3,7,3,6,7,7,6,2,2,2,2,1
382,2,2,2,38,2,6,3,1,4,3,8,0,7,7,1,1,3,1
384,1,3,2,26,2,5,3,1,4,6,6,5,1,4,2,3,1,1
385,1,1,1,50,5,9,3,3,3,4,10,4,1,6,2,1,2,1
386,1,4,1,53,4,9,2,3,3,5,5,3,1,3,3,3,2,1
387,2,1,1,42,2,6,2,1,4,3,20,16,11,6,3,2,3,1
388,2,2,1,29,2,6,1,1,3,3,10,7,0,9,4,2,2,1
389,1,2,1,55,2,2,2,3,3,4,10,7,0,8,4,2,3,1
390,1,2,1,26,2,1,2,1,3,3,5,3,3,3,1,1,3,1
391,1,3,2,37,1,3,1,1,3,3,17,12,5,7,4,4,3,1
392,1,3,1,44,1,2,3,3,4,0,1,0,0,0,3,4,1,1
393,1,4,1,38,2,1,3,9,3,2,2,2,1,2,4,4,3,1
394,1,4,1,26,1,2,3,2,3,2,3,2,0,2,2,1,3,1
395,1,2,2,28,1,3,1,1,4,3,5,3,0,2,4,4,3,1
396,1,4,2,49,5,9,1,9,3,4,3,2,1,2,1,3,3,1
397,1,3,1,36,2,3,1,4,3,2,8,0,7,7,2,3,3,1
399,2,3,2,31,1,7,3,1,3,5,2,2,2,2,2,4,2,1
401,2,4,1,26,2,6,1,1,3,0,8,7,7,4,4,4,3,1
403,1,3,1,37,1,3,2,1,3,3,4,2,1,2,4,2,2,1
404,2,3,2,42,4,6,2,5,3,2,20,4,4,8,2,3,4,1
405,1,3,1,18,1,2,1,1,3,2,0,0,0,0,3,3,3,1
406,2,3,1,35,3,6,2,0,3,3,11,9,6,9,2,3,2,1
407,1,4,1,36,1,2,2,4,3,2,1,0,0,0,4,3,3,1
408,1,3,1,51,2,5,3,5,3,3,4,1,1,2,2,4,3,1
410,2,4,1,41,4,4,1,1,3,2,22,10,0,4,2,4,3,1
411,2,3,2,18,1,7,1,1,3,2,0,0,0,0,3,4,3,1
412,1,2,1,28,2,1,1,0,3,2,8,3,0,7,1,2,3,1
416,2,3,1,31,2,6,2,4,3,3,8,7,7,7,4,2,2,1
417,1,3,1,39,3,1,3,0,3,5,18,10,3,7,4,3,2,1
419,1,4,2,36,2,2,2,7,3,3,9,8,0,8,2,2,3,1
420,2,3,1,32,2,6,2,1,3,3,13,8,4,8,3,4,2,1
421,1,2,2,38,3,9,2,3,3,2,10,8,0,1,2,1,3,1
422,1,4,1,58,2,1,3,2,3,2,5,3,1,2,3,4,3,1
423,1,4,1,31,1,3,2,0,3,4,5,2,0,3,4,3,3,1
424,3,3,1,31,2,8,2,3,3,1,2,2,1,0,1,1,3,1
425,1,3,1,45,3,2,3,1,3,2,24,9,9,11,1,1,3,1
426,1,4,1,31,1,3,3,0,3,2,2,2,2,2,4,3,1,1
428,1,4,2,33,3,4,2,6,3,2,10,6,8,8,2,4,3,1
429,1,1,1,39,4,4,2,1,3,3,21,9,11,10,1,3,3,1
430,1,4,2,43,1,2,1,0,3,5,8,7,1,7,4,3,3,1
431,1,2,2,49,4,1,1,7,3,2,7,1,0,7,3,3,3,1
433,1,4,1,52,2,3,2,2,3,3,8,2,7,7,2,3,2,1
434,1,3,2,27,1,3,1,1,3,2,4,3,1,2,2,3,2,1
436,2,2,2,32,2,6,2,1,3,2,13,12,11,9,2,3,3,1
437,2,3,1,27,2,6,1,1,3,3,5,4,0,4,3,4,3,1
438,2,3,1,31,2,6,3,4,3,3,7,7,1,7,4,4,3,1
439,1,4,2,32,2,3,1,7,3,0,7,7,0,7,4,1,2,1
440,1,4,1,28,1,3,2,5,3,4,3,2,2,2,4,1,2,1
441,1,2,2,30,2,3,2,1,3,2,10,8,1,9,4,4,3,1
442,1,2,2,31,3,5,2,1,4,2,10,9,8,9,3,3,3,1
444,1,2,1,39,5,4,2,1,3,2,21,9,13,3,4,3,3,1
445,2,2,2,39,2,6,2,4,3,3,1,0,0,0,3,4,2,1
446,2,3,1,33,2,6,1,3,3,6,7,7,0,1,4,2,2,1
447,1,5,1,47,5,9,2,4,3,2,3,2,1,1,3,4,3,1
448,1,4,2,43,2,2,3,1,3,3,9,7,0,0,3,3,4,1
449,2,1,1,27,2,6,2,0,3,0,5,4,1,4,2,3,3,1
450,1,4,2,54,2,3,1,3,3,4,4,3,0,3,3,4,2,1
451,1,3,2,43,3,1,2,8,3,1,1,0,0,0,1,3,2,1
452,1,4,1,45,2,3,2,9,3,3,10,9,9,8,4,4,3,1
453,2,2,1,40,2,6,2,2,4,2,4,3,0,2,4,2,2,1
454,1,4,1,29,1,2,2,1,3,4,7,7,0,7,1,2,2,1
455,1,5,1,29,1,2,1,0,3,2,3,2,2,2,4,2,3,1
456,2,3,2,30,2,6,3,1,3,2,10,9,1,2,3,4,3,1
458,2,4,2,27,2,6,2,1,3,3,8,7,0,7,2,2,3,1
460,1,2,1,37,2,5,3,7,3,2,6,2,0,4,4,4,2,1
461,1,2,1,38,3,9,3,0,3,3,11,10,2,9,4,3,3,1
462,1,4,2,31,3,5,1,1,3,2,11,9,4,10,4,3,2,1
463,2,1,2,29,2,6,3,1,3,2,7,7,1,7,2,4,3,1
464,1,4,1,35,3,5,1,0,3,5,16,6,0,13,2,3,3,1
465,1,1,1,23,1,3,3,1,3,2,4,2,0,2,4,3,2,1
466,1,3,1,41,2,5,1,6,3,3,5,4,1,2,2,4,3,1
467,2,1,1,47,2,7,1,3,3,3,0,0,0,0,3,2,3,1
468,1,5,2,42,4,9,1,2,3,2,1,0,0,0,4,1,3,1
469,2,3,1,29,2,6,2,1,3,3,4,3,0,2,3,4,2,1
470,3,1,1,42,1,8,3,0,3,5,3,2,1,0,3,3,3,1
471,1,3,2,32,1,2,2,1,3,4,8,0,0,7,2,3,3,1
473,2,1,2,48,3,4,2,3,4,3,0,0,0,0,3,1,1,1
474,1,3,1,37,2,3,3,4,3,2,7,7,6,7,1,3,3,1
475,2,2,2,30,2,6,2,7,3,2,2,2,2,2,3,4,4,1
476,2,3,1,26,2,6,2,1,3,3,8,7,7,7,3,3,3,1
477,1,4,1,42,2,1,1,3,4,6,1,0,0,0,4,1,3,1
478,2,1,2,21,1,7,1,1,3,3,3,2,1,2,2,1,3,1
479,2,5,2,36,2,6,1,4,3,6,1,0,0,0,4,4,3,1
481,2,4,1,36,3,6,2,4,3,2,13,9,1,12,4,1,3,1
482,1,4,1,57,2,1,2,2,3,2,3,2,1,2,3,4,3,1
483,1,4,2,40,1,2,2,3,3,3,7,7,1,7,3,4,3,1
484,2,2,1,21,1,7,1,1,4,3,3,2,2,2,4,1,2,1
485,2,3,2,33,1,7,1,1,3,2,1,0,0,0,3,4,3,1
486,1,3,2,37,1,2,2,6,4,3,5,4,0,3,1,3,3,1
487,1,4,2,46,2,5,2,2,3,2,1,0,0,0,3,3,4,1
488,2,3,1,41,2,6,1,1,3,5,8,7,7,7,2,1,3,1
491,1,3,1,50,3,1,1,6,3,2,4,3,1,3,4,4,3,1
492,2,2,1,40,2,6,2,2,3,6,6,4,1,0,3,3,3,1
493,1,4,1,31,1,3,1,0,3,5,2,2,2,2,2,3,3,1
494,2,3,2,21,1,7,1,1,3,0,1,0,0,0,2,3,3,1
495,1,3,1,29,1,3,1,9,3,4,3,2,1,2,4,4,3,1
496,1,4,1,35,2,1,1,9,3,5,1,1,0,0,2,3,3,1
497,1,2,1,27,1,2,3,1,3,2,5,2,0,4,2,4,3,1
498,2,4,1,28,2,6,1,1,3,1,7,5,0,7,4,2,3,1
499,1,3,1,49,3,1,1,8,4,2,5,2,0,0,3,2,3,1
500,2,2,2,51,2,6,2,4,3,2,7,7,0,7,4,3,2,1
501,1,3,2,36,1,3,2,4,3,3,2,2,2,2,3,4,3,1
502,2,3,1,34,2,6,1,8,3,3,5,2,0,4,4,1,2,1
505,1,3,2,55,4,4,1,2,3,2,5,4,1,2,4,3,3,1
507,2,4,2,24,2,6,3,1,3,2,5,2,0,3,3,4,4,1
508,2,1,1,30,1,7,2,1,3,3,1,0,0,0,2,3,3,1
510,1,1,1,26,1,3,1,0,4,2,6,4,0,4,1,3,3,1
511,1,3,2,22,1,3,2,1,3,1,2,1,1,2,2,1,3,1
513,2,2,1,36,3,6,2,1,3,2,10,9,9,0,3,2,3,1
514,1,3,1,30,1,3,1,9,4,4,1,0,0,0,4,3,3,1
515,1,3,2,37,1,2,3,1,3,2,18,7,12,17,1,4,2,1
516,2,2,2,40,2,6,3,7,3,5,5,4,1,3,2,4,3,1
517,1,4,2,42,1,2,3,3,3,5,5,2,1,2,1,2,3,1
518,1,4,1,37,2,5,1,2,3,2,1,0,0,1,2,3,2,1
520,1,3,1,43,4,9,3,1,3,3,25,10,3,9,2,1,3,1
521,1,3,2,40,2,2,2,6,4,3,1,0,0,0,3,2,3,1
522,1,2,1,54,5,9,2,4,3,4,4,2,1,2,1,1,2,1
523,2,4,2,34,2,6,2,9,3,3,3,2,1,2,3,3,3,1
524,1,2,2,31,2,5,2,1,3,5,13,10,3,12,1,2,1,1
525,1,3,1,43,1,2,2,7,4,1,3,2,1,2,4,4,3,1
526,1,4,2,43,2,1,3,4,3,3,5,2,0,2,3,3,3,1
527,2,2,2,25,2,6,1,1,3,3,5,4,1,3,4,2,3,1
529,1,5,2,37,2,3,2,3,3,2,13,11,10,7,3,2,3,1
530,1,2,1,31,1,2,2,1,3,3,4,2,3,2,1,4,3,1
531,1,1,1,39,5,4,3,1,3,3,21,8,1,6,3,2,3,1
532,2,3,2,56,4,6,2,9,3,0,7,7,7,7,1,3,2,1
533,2,3,2,30,2,6,1,0,3,6,5,4,4,4,3,2,3,1
534,2,3,1,41,3,6,2,1,3,2,10,7,0,7,1,2,3,1
536,1,2,1,28,2,2,3,1,3,2,10,0,1,8,1,3,3,1
538,1,3,1,25,1,2,2,5,3,5,2,2,0,2,1,1,3,1
543,1,3,1,52,3,5,2,2,3,4,5,4,0,4,3,4,3,1
544,1,2,1,45,1,3,2,3,4,3,2,2,0,2,4,1,2,1
546,1,2,2,52,4,4,2,2,3,2,5,2,1,4,4,4,1,1
547,1,2,2,42,2,3,3,2,3,3,5,4,0,2,3,1,3,1
548,1,3,2,30,2,5,1,2,4,2,5,4,0,2,4,3,3,1
549,1,3,2,60,5,4,2,5,3,5,29,8,11,10,1,1,1,1
550,1,3,2,46,2,5,3,2,3,5,10,7,0,8,3,3,2,1
551,1,4,2,42,2,1,2,0,3,4,6,5,0,4,4,4,4,1
554,2,1,2,24,1,7,1,1,3,4,5,3,1,4,2,1,3,1
555,2,2,2,34,1,7,3,0,3,3,2,2,1,0,3,4,2,1
556,1,2,1,38,1,2,2,1,4,3,1,0,0,0,4,4,3,1
558,2,4,2,40,5,4,2,0,3,2,20,15,1,12,3,3,3,1
560,1,3,2,26,1,3,3,1,4,3,3,2,0,2,4,1,1,1
562,1,3,1,30,1,2,2,4,3,3,5,3,1,4,4,3,1,1
564,1,4,1,29,3,9,2,1,3,2,10,2,0,7,3,2,3,1
565,1,5,2,29,1,3,2,5,3,2,2,2,1,1,2,3,4,1
566,3,2,1,19,1,8,1,1,3,3,1,0,0,0,4,1,4,1
567,2,4,2,30,3,6,2,0,3,3,9,8,7,8,1,3,3,1
568,2,3,1,57,4,4,3,3,3,3,1,0,0,0,4,1,2,1
569,1,4,1,50,4,4,2,0,3,2,27,10,15,7,3,2,3,1
571,1,3,2,30,1,2,1,0,3,2,11,7,6,7,4,3,2,1
573,2,3,2,60,3,6,2,4,3,5,18,13,13,11,1,3,4,1
574,1,2,2,47,2,5,3,5,3,2,5,0,0,4,4,1,3,1
575,1,3,1,46,4,9,2,6,3,2,3,2,0,1,3,1,1,1
577,1,3,1,35,1,2,1,0,3,2,5,4,4,3,3,4,3,1
578,1,4,2,54,2,2,1,7,3,3,1,0,0,0,3,3,3,1
579,1,4,1,34,1,3,3,3,3,3,7,3,5,7,3,4,3,1
580,2,3,2,46,3,6,2,2,3,3,3,2,1,2,4,3,3,1
581,1,1,1,31,3,5,3,1,4,6,13,8,0,8,2,3,4,1
582,1,1,1,33,3,4,2,7,3,2,7,6,7,7,3,2,4,1
584,1,1,1,33,1,2,3,7,3,2,4,3,1,3,4,1,3,1
585,2,1,1,30,1,7,1,0,3,3,3,2,1,2,2,4,3,1
586,1,3,1,35,3,1,2,4,3,2,8,7,0,0,3,4,3,1
587,1,3,1,31,3,1,2,3,3,2,1,0,0,0,3,1,3,1
590,3,3,2,34,3,8,3,9,3,2,3,2,0,2,1,2,3,1
591,1,2,1,42,1,2,2,4,3,4,2,2,2,0,3,2,3,1
592,2,4,1,36,3,6,1,1,3,3,10,3,9,7,4,2,2,1
593,1,1,1,22,1,2,1,5,3,3,2,2,1,2,3,3,3,1
595,2,5,2,48,2,6,2,2,3,2,9,7,6,7,4,2,3,1
597,2,5,2,55,4,4,1,3,4,2,10,9,7,7,2,1,3,1
599,2,2,1,41,2,6,1,7,3,3,14,3,1,10,4,4,3,1
600,2,3,1,35,2,6,2,9,3,2,11,9,6,9,3,2,3,1
601,1,3,2,40,4,5,1,7,3,3,20,6,5,13,3,2,3,1
602,1,1,2,39,1,2,2,1,3,3,8,3,0,7,3,3,3,1
604,2,1,1,31,2,6,1,4,3,2,6,5,0,5,4,2,4,1
605,1,3,1,42,3,5,2,1,4,5,10,9,5,8,1,4,2,1
606,2,3,1,45,2,6,2,0,3,3,8,7,3,7,2,4,4,1
608,3,4,2,26,1,8,3,0,3,2,7,7,1,0,3,2,2,1
611,1,3,1,29,2,5,3,4,3,2,3,2,1,2,4,4,4,1
612,1,5,2,33,4,9,3,4,3,2,6,1,0,5,3,1,3,1
613,2,3,1,31,3,4,3,9,4,3,5,4,0,1,4,3,2,1
614,2,3,1,18,1,7,1,1,3,3,0,0,0,0,2,2,3,1
615,2,3,1,40,3,6,3,3,3,2,1,0,0,1,1,3,3,1
616,1,4,2,41,2,1,1,2,3,3,8,7,0,7,3,1,3,1
618,2,2,1,26,2,6,3,5,3,5,0,0,0,0,3,1,3,1
620,2,3,2,35,2,6,1,1,3,3,5,4,0,3,3,1,3,1
621,2,4,1,34,2,6,1,1,3,3,10,7,5,7,4,4,3,1
622,1,3,1,26,1,2,1,1,3,3,1,0,0,0,4,3,1,1
623,1,3,2,37,3,5,1,4,3,3,6,5,1,2,4,2,4,1
624,1,1,2,46,3,1,2,5,3,3,2,2,1,2,3,1,2,1
625,2,5,2,41,4,4,2,7,3,2,18,16,11,8,1,2,3,1
626,2,4,1,37,3,6,3,1,3,6,9,5,7,7,2,1,3,1
630,1,2,1,52,2,3,3,3,3,3,10,9,6,9,1,4,3,1
631,2,4,1,32,2,6,2,8,3,2,4,2,1,2,3,4,3,1
632,2,3,1,24,1,7,2,0,3,3,2,2,2,1,4,4,3,1
634,1,3,2,38,2,1,2,3,3,4,1,0,0,0,3,3,3,1
635,1,4,2,37,2,5,2,6,3,2,6,5,4,3,2,2,2,1
638,1,4,1,49,5,9,3,1,3,5,31,9,0,9,3,4,3,1
639,1,3,1,24,1,3,2,1,3,3,6,5,1,4,4,2,3,1
641,2,2,1,26,2,6,2,1,4,5,5,3,1,4,2,1,4,1
643,1,2,1,24,1,2,2,1,4,2,1,0,0,0,2,4,3,1
644,3,3,1,50,5,4,2,1,3,2,32,5,10,7,2,1,3,1
645,2,1,1,25,1,7,2,1,3,1,7,4,0,6,3,2,3,1
647,1,3,2,24,1,2,2,1,3,4,6,3,1,2,3,1,3,1
648,2,4,1,30,1,7,2,1,3,2,1,0,0,0,1,2,4,1
649,1,2,1,34,1,3,2,1,3,3,6,5,1,3,4,2,3,1
650,2,4,1,31,2,6,3,2,3,2,3,1,1,2,1,2,1,1
652,1,2,1,35,2,2,1,4,3,3,3,2,0,2,4,1,3,1
653,2,4,1,31,2,6,3,4,4,4,7,7,5,7,4,1,4,1
655,1,4,2,27,1,3,3,0,3,5,5,3,0,3,3,1,2,1
656,2,3,1,37,2,6,2,4,3,3,3,0,1,0,3,4,2,1
657,1,3,2,20,1,3,1,1,3,0,1,0,0,0,2,4,4,1
659,1,4,2,42,2,1,2,1,3,4,10,2,2,2,4,3,3,1
661,1,4,1,43,4,9,3,4,3,3,1,0,0,0,4,2,2,1
662,1,1,2,38,1,3,1,3,3,3,0,0,0,0,1,3,2,1
663,1,5,1,43,2,2,3,3,3,3,8,7,4,7,3,4,3,1
664,1,4,2,48,4,4,2,7,3,3,3,2,0,2,1,4,1,1
665,3,4,2,44,2,8,1,4,3,1,2,2,0,2,3,1,4,1
666,2,3,2,34,1,7,3,1,3,3,8,2,0,6,3,3,3,1
667,2,1,1,27,1,7,3,0,3,3,4,3,0,2,1,3,3,1
669,2,1,1,21,1,7,1,1,3,2,3,2,1,2,3,3,3,1
671,1,4,1,44,5,4,2,4,3,2,2,2,0,1,4,4,4,1
675,1,1,1,22,1,3,2,0,4,3,2,2,2,2,3,1,3,1
677,2,4,1,33,2,6,3,0,3,3,5,0,1,2,3,3,3,1
679,1,4,2,32,2,3,2,1,3,2,6,4,0,5,4,1,2,1
680,1,3,2,30,1,3,3,1,4,2,1,0,0,0,3,3,3,1
682,2,1,2,53,2,6,1,7,4,2,14,7,8,10,1,4,4,1
683,1,5,1,34,1,3,2,1,3,4,10,9,8,8,4,2,2,1
684,2,4,2,45,2,6,2,2,3,4,1,1,0,0,1,1,3,1
686,1,3,2,26,1,2,2,1,3,2,3,2,0,2,4,3,3,1
689,1,3,1,37,3,5,2,1,3,2,10,7,7,8,3,3,3,1
690,2,2,2,29,2,6,2,1,3,5,6,0,1,2,3,2,2,1
691,1,4,1,35,2,3,1,1,3,3,17,11,11,8,4,2,3,1
692,1,3,1,33,2,1,3,3,4,2,13,11,4,7,4,3,1,1
698,3,4,1,54,3,8,2,2,3,1,9,7,7,1,2,3,4,1
699,1,2,1,36,2,5,3,2,3,2,3,2,0,2,2,2,3,1
700,1,4,1,27,1,3,1,0,3,0,4,2,1,1,4,1,3,1
701,1,1,1,20,1,3,1,1,3,5,1,0,1,1,3,4,3,1
702,1,3,1,33,1,3,1,1,3,3,10,8,9,7,1,1,3,1
704,1,3,1,35,1,2,2,1,3,3,1,0,0,0,3,3,3,1
705,1,3,1,23,1,3,2,2,3,3,3,2,0,2,1,1,4,1
707,2,3,1,25,2,6,2,0,4,4,3,2,1,2,2,4,3,1
709,2,4,2,38,2,6,1,0,4,2,7,7,0,5,4,4,3,1
710,1,4,1,29,1,3,3,1,3,5,10,7,2,8,4,2,3,1
712,2,1,1,48,2,6,2,3,3,3,2,2,2,2,2,2,3,1
714,2,1,2,27,2,6,3,1,4,3,6,5,0,4,4,4,3,1
715,1,2,1,37,1,3,1,3,3,2,1,0,0,0,4,4,3,1
716,1,1,1,50,1,2,2,1,3,3,20,8,3,8,3,4,3,1
717,1,3,2,34,3,1,1,1,3,3,8,7,7,7,2,4,4,1
720,2,2,2,24,2,6,1,9,3,3,2,2,2,0,3,1,3,1
721,1,4,2,39,2,1,1,1,3,4,20,7,11,10,3,4,3,1
722,2,3,1,32,2,6,1,1,3,2,10,7,0,8,4,4,2,1
723,2,2,1,50,2,6,2,3,3,4,4,3,1,3,3,2,3,1
724,1,4,2,38,2,1,1,0,3,4,9,7,1,8,4,2,2,1
725,1,2,2,27,3,5,2,1,3,3,9,7,0,7,1,3,3,1
727,1,2,2,32,3,9,1,3,3,6,7,7,7,7,4,3,3,1
728,2,4,1,47,2,6,1,2,3,2,7,7,1,7,1,4,3,1
729,2,4,1,40,3,6,2,5,4,2,18,13,1,12,1,4,3,1
730,1,3,1,53,4,9,2,3,3,3,5,1,1,3,3,3,3,1
731,3,4,1,41,5,4,3,3,3,2,21,6,12,6,4,2,2,1
732,2,4,1,60,2,6,1,8,3,1,2,2,2,2,1,1,3,1
733,1,2,1,27,3,5,3,1,4,4,9,7,1,7,1,4,2,1
734,3,3,1,41,5,4,2,1,3,3,22,7,2,10,3,4,3,1
738,2,4,1,50,1,7,2,7,3,2,2,2,2,2,2,4,3,1
741,1,2,2,28,1,3,1,7,3,4,7,7,3,7,2,1,3,1
742,1,3,2,36,3,9,2,9,3,2,8,7,0,5,1,1,3,1
743,1,3,2,38,3,5,1,4,3,4,1,0,0,0,3,3,4,1
744,1,3,1,44,1,2,1,2,3,5,5,2,1,4,3,1,3,1
746,2,3,2,47,4,6,3,9,3,2,22,2,11,13,3,4,2,1
747,2,5,1,30,2,6,3,7,4,2,8,7,7,7,4,3,2,1
749,2,3,1,29,1,7,1,1,3,6,1,0,0,0,3,3,3,1
752,1,3,1,42,1,3,3,6,3,2,2,2,2,2,3,3,3,1
754,2,3,1,43,2,6,2,3,3,5,2,2,2,2,4,4,3,1
757,1,2,2,34,2,1,1,3,3,2,5,1,4,3,3,2,3,1
758,1,1,1,23,1,2,2,1,3,2,4,3,0,2,1,2,4,1
760,3,3,2,39,2,8,2,9,3,3,8,3,3,6,2,3,1,1
762,1,3,1,56,4,1,2,7,3,1,10,7,1,1,4,3,2,1
763,1,1,2,40,1,3,1,0,4,2,4,2,2,3,4,4,2,1
764,1,3,2,27,2,1,1,8,3,2,7,6,0,7,1,4,1,1
766,2,3,1,29,1,7,3,1,3,2,2,2,2,2,2,4,3,1
769,1,3,1,53,2,2,1,2,3,4,2,2,2,2,4,4,3,1
771,1,4,2,35,2,1,3,2,3,2,1,0,0,0,1,4,4,1
772,1,4,1,32,2,2,2,1,3,2,10,8,4,7,4,1,3,1
773,1,5,1,38,1,3,2,6,3,0,1,0,0,1,3,4,1,1
775,1,5,2,34,2,5,3,3,3,3,0,0,0,0,1,2,3,1
776,2,4,1,52,4,4,2,1,3,3,34,6,1,16,1,3,4,1
780,1,4,1,33,1,3,1,1,3,2,10,9,7,8,4,4,2,1
781,2,1,2,25,2,6,1,1,4,5,6,5,1,4,4,3,2,1
783,2,2,1,45,2,7,1,0,3,3,8,7,3,1,3,2,3,1
784,1,1,1,23,1,3,1,1,3,3,2,2,0,2,3,1,3,1
785,2,2,2,47,2,6,1,4,3,2,5,4,1,3,3,2,3,1
786,2,3,1,34,2,6,1,1,4,5,6,5,1,4,4,4,3,1
787,1,3,1,55,5,4,2,5,3,2,5,2,1,4,1,4,3,1
789,2,4,1,36,3,6,1,1,3,1,10,7,0,9,1,1,3,1
791,1,4,1,52,1,3,2,0,3,3,4,3,1,2,4,4,3,1
792,1,2,2,26,1,2,3,3,3,2,2,2,2,0,4,1,3,1
793,1,3,2,29,2,1,2,4,3,3,8,7,1,1,3,2,2,1
796,2,3,1,26,2,6,1,6,3,2,4,3,1,2,1,4,2,1
797,1,4,2,34,1,3,1,2,3,2,4,2,1,3,4,2,3,1
799,1,4,2,54,2,5,3,9,3,4,5,3,1,4,1,4,3,1
800,2,1,1,27,2,6,2,0,3,3,4,2,1,1,4,3,3,1
802,1,1,2,37,1,3,3,0,3,3,5,3,4,3,1,4,2,1
803,1,4,2,38,2,5,1,6,3,2,15,7,4,12,1,1,3,1
804,1,4,2,34,1,3,1,1,3,3,6,5,1,3,1,3,3,1
805,2,4,2,35,1,7,2,1,3,1,3,2,0,2,4,1,2,1
806,1,3,1,30,1,2,2,3,4,2,2,2,0,2,3,4,3,1
807,1,2,2,40,2,1,2,1,4,2,8,7,3,7,2,3,3,1
808,2,2,2,34,2,6,2,5,3,1,3,2,1,2,1,3,3,1
809,1,3,1,42,5,4,3,1,3,4,24,7,14,9,4,2,2,1
811,1,3,1,23,1,2,2,1,4,2,0,0,0,0,1,3,3,1
812,1,3,1,24,1,2,3,1,3,4,1,0,0,0,2,3,3,1
813,1,4,2,52,2,2,2,8,4,3,5,2,1,4,3,4,3,1
815,1,3,1,50,4,9,2,5,3,3,4,3,0,3,3,3,3,1
816,1,2,2,29,1,2,2,1,3,1,1,0,0,0,1,2,3,1
817,1,3,1,33,3,9,2,0,3,3,13,9,3,7,3,3,4,1
819,2,3,2,33,2,6,1,5,3,3,3,2,0,2,1,1,3,1
820,1,2,2,47,4,4,2,1,3,3,26,14,3,0,4,3,2,1
823,1,3,2,36,2,5,2,0,3,2,9,7,0,5,2,3,3,1
824,1,2,1,29,1,3,2,1,4,3,10,7,0,7,3,3,3,1
825,1,4,1,58,5,9,1,7,3,2,31,15,13,8,2,4,3,1
826,1,4,2,35,1,3,1,3,3,0,2,2,2,2,3,4,3,1
827,1,2,2,42,2,5,2,9,3,4,4,3,0,2,4,4,3,1
828,1,4,1,28,1,3,1,6,3,3,2,2,2,1,3,3,2,1
829,3,3,1,36,1,8,2,4,3,2,5,2,0,4,2,3,3,1
830,1,3,2,32,2,5,2,1,3,3,14,13,6,8,3,3,3,1
832,1,4,1,40,2,2,1,6,3,6,1,0,0,0,3,1,3,1
833,1,3,2,30,2,5,1,5,4,4,0,0,0,0,4,3,2,1
834,1,3,2,45,1,3,1,1,3,3,1,0,0,0,3,2,3,1
836,1,3,1,42,2,5,2,1,3,3,9,8,7,8,2,2,2,1
837,1,3,1,38,2,1,3,2,3,3,4,3,1,2,1,1,2,1
838,1,4,2,34,1,3,1,1,3,3,5,2,1,3,4,3,3,1
840,2,3,2,49,3,6,2,1,3,3,9,8,7,7,4,3,4,1
842,2,1,1,55,2,6,1,4,3,3,9,7,7,3,4,3,2,1
843,1,2,1,43,4,9,2,6,4,3,4,1,1,0,1,2,3,1
844,1,1,1,27,3,9,3,1,3,3,9,8,0,8,4,3,3,1
845,1,3,1,35,3,5,1,3,4,3,8,5,1,6,3,3,4,1
846,2,4,2,28,2,6,2,1,4,2,8,7,7,5,2,2,3,1
847,3,2,1,34,1,8,2,0,3,1,3,2,0,2,4,3,1,1
848,1,2,2,26,1,3,2,1,3,2,8,7,1,7,3,3,3,1
850,1,3,1,27,1,3,2,1,3,6,0,0,0,0,4,4,2,1
851,2,4,2,51,4,4,2,2,3,2,20,6,4,17,3,1,2,1
852,1,3,1,44,2,1,1,9,3,2,5,2,2,3,2,4,2,1
854,1,1,1,25,1,3,1,7,3,3,4,3,0,1,1,1,2,1
855,2,3,1,33,2,6,3,1,4,5,9,8,0,8,1,1,3,1
856,1,1,2,35,1,3,1,1,3,3,6,5,1,1,1,3,2,1
857,2,2,1,36,2,6,2,1,3,1,18,14,4,11,4,2,2,1
859,2,4,1,32,2,6,3,2,3,3,5,2,0,3,4,2,2,1
861,1,4,1,30,1,3,3,9,3,3,5,4,0,3,4,2,2,1
862,2,2,2,53,3,6,2,7,3,3,5,2,0,4,4,1,3,1
864,2,3,1,45,3,6,3,4,3,2,5,4,0,2,1,4,3,1
865,1,2,2,32,2,3,2,5,3,3,5,3,1,3,3,3,2,1
867,1,4,2,52,4,5,2,3,4,3,9,8,0,0,4,3,3,1
868,2,4,1,37,2,6,3,4,3,2,1,0,0,0,3,4,3,1
869,3,2,1,28,1,8,3,1,3,6,5,1,0,4,4,2,3,1
872,1,2,1,22,2,5,2,6,4,2,2,2,2,2,4,4,1,1
874,1,4,1,44,1,2,2,2,4,2,3,2,0,2,4,1,2,1
875,1,1,1,42,1,3,1,5,3,2,2,1,2,2,4,2,3,1
878,3,3,1,36,1,8,2,0,4,3,5,4,0,3,1,1,3,1
879,2,1,1,25,2,6,2,1,3,3,5,3,0,3,1,3,3,1
880,1,3,2,35,3,5,2,1,4,2,17,14,5,15,3,4,3,1
881,1,4,2,35,1,3,3,1,3,3,10,2,7,8,2,4,2,1
882,1,3,1,32,1,2,3,0,3,2,3,0,0,2,4,4,3,1
885,2,1,1,25,2,6,2,1,3,1,5,2,0,3,1,3,4,1
887,1,3,2,49,1,3,2,2,3,2,4,2,0,2,1,3,3,1
888,1,1,1,24,1,2,2,0,3,2,5,2,3,4,4,1,2,1
889,2,2,1,32,2,6,2,1,3,3,10,8,5,3,2,2,3,1
893,2,3,1,38,1,7,2,0,3,3,2,2,1,2,2,2,3,1
894,1,3,2,42,2,2,2,2,3,1,5,3,1,3,4,3,2,1
895,1,4,1,31,1,3,2,3,3,2,6,4,0,2,4,4,3,1
896,2,3,2,29,1,7,3,6,3,3,3,2,0,2,3,2,3,1
897,2,3,1,53,4,6,2,5,3,3,2,0,2,2,4,1,3,1
899,1,3,1,35,3,5,2,3,3,2,13,10,4,8,2,4,3,1
900,2,2,2,37,1,7,2,5,3,3,5,4,0,0,4,3,3,1
901,1,4,2,53,4,9,1,6,3,0,12,9,3,8,4,4,3,1
902,1,3,2,43,2,1,2,4,3,2,5,2,2,2,4,4,2,1
903,2,2,2,47,2,6,2,0,4,2,7,6,7,7,4,3,3,1
904,2,2,1,37,3,6,1,1,3,2,10,0,0,9,2,1,3,1
905,1,4,1,50,4,4,3,1,3,3,31,6,14,7,1,1,3,1
909,3,3,2,39,2,8,2,8,3,2,5,4,0,4,4,4,3,1
910,3,2,1,33,1,8,3,3,3,4,4,3,0,3,2,4,4,1
911,1,4,1,32,1,2,1,1,4,2,1,0,0,1,4,1,1,1
912,1,1,2,29,1,2,3,6,3,5,4,3,0,3,4,1,3,1
913,1,2,1,44,1,3,2,1,3,0,8,7,7,1,1,2,3,1
916,2,4,1,28,2,6,1,1,3,3,4,2,0,2,4,1,3,1
918,1,1,1,58,1,2,3,9,3,3,1,0,0,0,4,4,2,1
920,1,3,2,43,2,5,3,4,4,2,1,0,0,0,2,1,4,1
922,2,3,2,20,1,7,1,1,3,3,2,2,0,2,3,3,2,1
923,1,1,2,21,1,3,1,1,3,3,1,0,0,0,4,4,2,1
924,1,1,1,36,2,1,2,0,3,2,16,8,4,11,4,3,2,1
925,2,4,2,47,1,7,1,1,3,3,3,2,1,2,4,4,2,1
926,1,1,2,22,2,5,2,0,3,3,3,2,0,2,3,2,4,1
927,1,4,2,41,1,2,3,4,3,1,7,7,1,0,4,2,2,1
930,1,3,2,28,1,3,3,5,3,2,2,2,2,2,3,3,3,1
932,1,3,1,39,1,2,2,7,4,2,2,2,2,2,1,4,1,1
933,1,3,2,27,1,3,1,1,3,2,1,1,0,0,3,2,3,1
934,1,3,1,34,1,2,3,1,3,3,1,0,1,0,2,2,3,1
936,2,2,2,42,2,6,1,7,3,6,5,4,0,3,3,3,3,1
939,1,4,1,33,1,3,1,3,3,1,3,2,0,2,1,3,3,1
940,1,3,2,58,3,1,3,2,3,3,6,0,0,4,2,3,3,1
941,2,4,1,31,1,7,2,3,3,2,7,7,5,2,3,2,4,1
942,1,1,2,35,2,1,2,1,4,2,10,6,0,7,4,4,1,1
944,1,2,2,49,3,2,2,4,3,3,26,9,1,7,2,1,2,1
945,1,4,1,48,1,3,2,4,3,2,0,0,0,0,3,4,2,1
947,2,2,2,31,2,6,2,1,3,2,9,8,0,0,3,4,2,1
949,1,4,1,36,1,3,1,2,3,6,6,2,0,1,4,2,3,1
950,1,3,2,38,3,9,2,1,3,3,15,12,5,11,1,4,3,1
951,1,3,2,32,1,2,2,6,4,3,3,0,0,2,2,3,3,1
952,2,2,1,25,1,7,2,1,3,2,1,0,0,0,2,3,3,1
954,2,4,1,40,3,6,3,2,3,2,1,0,0,0,2,1,2,1
956,2,3,1,26,2,6,1,1,3,2,7,7,0,7,1,3,3,1
957,1,3,1,41,1,2,1,2,3,3,18,13,2,17,1,4,3,1
958,1,4,1,36,1,2,1,4,4,6,11,8,3,9,3,3,3,1
959,2,3,1,19,1,7,1,1,3,3,1,0,0,0,2,4,4,1
960,1,3,1,20,1,2,1,1,3,2,1,0,0,0,1,1,3,1
961,1,3,2,31,2,1,2,0,3,2,9,7,8,5,4,4,1,1
964,1,4,1,40,1,3,3,8,3,2,1,1,0,0,2,4,3,1
966,1,4,2,32,2,5,2,1,3,2,8,7,6,3,1,3,4,1
967,2,1,1,36,3,6,2,1,3,6,16,7,3,7,4,3,3,1
969,1,3,2,33,2,1,1,0,3,3,5,0,1,4,4,2,3,1
970,2,4,1,37,3,6,2,5,3,2,14,1,11,7,3,1,1,1
972,1,2,1,45,2,2,2,1,3,5,9,7,0,8,2,3,2,1
974,2,3,2,29,1,7,2,1,3,5,3,1,0,2,4,3,3,1
975,2,3,2,35,2,6,2,1,3,3,5,2,1,0,3,3,3,1
976,1,2,1,52,4,4,2,2,3,2,9,8,7,8,4,4,2,1
977,1,3,1,58,1,3,1,4,4,4,1,0,0,0,3,4,3,1
981,2,2,1,53,4,4,3,6,3,3,17,13,15,2,3,3,4,1
982,2,2,1,30,3,6,3,5,3,2,8,4,7,7,3,3,4,1
983,2,3,2,38,2,6,1,1,3,1,5,3,1,3,4,3,3,1
984,2,4,1,35,3,6,3,6,3,2,10,9,0,8,4,4,3,1
985,2,5,1,39,3,6,1,0,3,3,8,7,0,7,3,1,3,1
986,2,3,2,40,4,6,1,4,3,2,1,0,0,0,2,2,2,1
987,1,4,1,47,2,5,3,1,3,3,19,10,2,7,3,3,4,1
990,2,4,1,36,2,6,3,4,3,3,7,7,0,7,4,1,3,1
991,1,2,1,31,1,3,1,0,4,0,3,2,1,2,1,3,3,1
992,2,3,1,33,4,4,1,1,3,2,10,8,6,0,3,4,3,1
994,1,3,2,29,1,3,1,6,4,5,0,0,0,0,1,4,3,1
995,1,1,2,33,1,3,1,3,3,4,3,2,0,2,4,2,3,1
996,1,4,2,45,1,2,3,3,3,2,5,3,0,2,4,4,3,1
997,1,2,1,50,4,9,3,9,4,1,5,4,1,3,4,4,2,1
998,1,4,2,33,2,1,2,1,3,2,6,5,1,2,2,3,3,1
999,1,3,1,41,5,9,3,2,3,2,18,16,0,11,3,1,4,1
1001,1,4,2,27,1,2,2,9,3,2,2,2,2,2,2,3,3,1
1002,1,2,1,45,2,2,2,1,3,2,9,8,0,8,1,4,3,1
1003,2,2,2,47,2,6,1,1,3,0,9,0,0,7,4,4,3,1
1004,1,3,2,30,1,3,2,4,3,2,5,2,0,1,3,1,3,1
1005,1,3,1,50,4,5,2,3,3,2,12,11,1,5,3,4,3,1
1006,1,1,1,38,1,3,2,0,3,0,2,1,0,2,3,3,2,1
1007,1,2,1,46,3,5,3,6,3,3,8,7,0,7,3,4,3,1
1009,1,1,2,24,2,5,3,1,3,6,4,2,3,2,3,4,3,1
1010,1,4,1,35,1,2,3,1,4,2,4,2,0,2,2,3,1,1
1011,1,1,2,31,2,5,2,1,3,1,4,3,0,3,1,3,3,1
1012,1,2,1,18,1,3,1,1,3,2,0,0,0,0,4,2,3,1
1013,1,3,2,54,3,5,2,8,3,2,10,7,0,8,3,3,3,1
1014,1,4,2,35,3,1,3,1,3,3,16,10,10,1,3,3,2,1
1015,1,2,2,30,3,9,2,0,3,4,8,7,1,7,1,2,2,1
1016,1,3,2,20,1,3,1,1,3,2,1,0,0,0,1,4,3,1
1017,1,3,2,30,1,2,1,0,3,3,3,2,1,2,2,2,3,1
1018,1,2,1,26,2,5,2,1,3,2,8,7,1,3,4,4,3,1
1019,1,1,1,22,1,2,2,1,3,3,4,3,1,1,1,2,2,1
1022,1,3,1,48,2,1,1,2,3,0,2,2,2,2,3,1,3,1
1024,1,4,1,48,3,1,1,7,3,3,15,11,4,8,3,3,3,1
1025,1,2,2,41,2,5,1,6,3,6,2,2,2,1,3,4,3,1
1026,1,1,2,39,4,5,2,1,3,3,21,6,11,8,4,4,3,1
1027,1,4,2,27,2,5,2,0,3,2,3,2,2,2,4,1,3,1
1028,1,3,1,35,1,2,3,1,4,4,3,2,1,2,4,2,2,1
1029,2,2,1,42,5,4,2,6,3,3,1,0,0,0,3,4,4,1
1030,1,3,1,50,1,2,2,4,3,5,1,0,0,0,4,1,3,1
1032,1,3,2,59,4,5,1,3,3,4,5,3,4,3,4,3,3,1
1033,1,2,2,37,2,1,2,5,3,2,1,0,0,0,2,1,1,1
1034,1,4,1,55,2,1,2,3,3,3,8,7,6,7,2,3,3,1
1035,1,1,2,41,5,9,3,1,4,3,21,16,5,10,3,2,3,1
1036,2,4,1,38,2,6,1,8,3,1,1,0,0,0,4,2,3,1
1037,2,2,1,26,2,6,1,8,3,6,2,2,2,2,1,2,3,1
1038,2,1,2,52,5,4,2,1,3,3,32,14,6,9,4,1,3,1
1039,2,3,2,44,4,6,2,3,3,2,12,11,11,11,4,4,3,1
1040,2,3,2,50,2,6,2,0,3,3,18,7,0,13,3,4,3,1
1042,1,4,2,36,1,2,1,1,3,1,17,13,15,14,1,3,3,1
1043,1,3,2,39,3,5,1,1,3,2,21,6,2,8,1,4,3,1
1044,2,1,2,33,1,7,1,0,3,2,2,2,2,2,4,2,2,1
1045,2,2,2,45,4,4,2,3,3,4,9,3,1,1,4,4,4,1
1046,1,4,2,32,1,2,1,9,3,2,8,7,7,7,3,4,3,1
1047,2,4,1,34,2,6,3,0,3,2,15,1,0,9,4,2,2,1
1048,2,2,1,59,3,4,2,3,3,1,6,4,0,4,4,2,1,1
1049,3,4,1,45,1,8,1,1,3,3,6,3,0,4,2,2,3,1
1050,2,3,2,53,3,6,2,2,3,2,15,7,6,12,2,3,3,1
1052,1,3,1,36,2,2,3,7,3,3,1,0,0,0,3,1,2,1
1053,1,3,1,26,1,3,2,6,3,2,3,2,1,2,1,1,3,1
1055,2,4,2,34,1,7,2,1,3,2,1,1,0,0,3,3,3,1
1056,2,1,1,28,1,7,2,1,4,5,1,0,0,0,2,4,3,1
1060,1,4,1,38,1,3,2,3,3,2,2,2,2,2,3,3,3,1
1061,1,4,1,50,5,9,2,2,3,2,8,1,7,7,3,2,2,1
1062,1,3,2,37,2,1,1,3,3,3,4,3,0,1,2,4,2,1
1066,2,3,1,40,2,6,2,1,3,3,7,7,7,5,1,3,2,1
1068,1,1,2,26,1,3,3,1,3,5,5,3,1,3,3,1,3,1
1069,1,4,1,46,5,9,3,9,3,0,2,2,2,2,4,4,3,1
1070,2,4,2,54,3,6,2,6,3,4,9,4,7,0,3,3,3,1
1071,1,3,2,56,1,3,2,2,3,4,5,4,0,3,3,1,3,1
1073,1,5,2,36,3,5,1,0,3,2,14,8,7,8,4,4,2,1
1074,1,1,1,55,4,4,1,7,3,3,9,7,6,2,1,3,4,1
1076,2,3,1,43,3,6,3,5,3,5,1,0,0,0,4,3,3,1
1077,2,3,2,20,1,7,1,1,3,3,2,2,0,2,4,4,3,1
1079,1,3,2,21,1,2,1,1,3,6,1,0,1,0,1,3,2,1
1080,1,4,2,46,2,3,3,8,4,2,16,13,1,7,1,4,3,1
1081,1,4,1,51,1,3,2,9,3,2,10,0,2,7,3,1,4,1
1082,1,2,1,28,3,1,1,1,3,2,10,7,1,9,1,2,2,1
1083,1,2,1,26,1,2,2,1,3,2,5,3,1,3,1,1,3,1
1084,1,3,1,30,2,5,2,0,3,1,6,2,0,2,1,3,2,1
1085,1,2,2,41,1,3,2,1,3,3,10,6,0,8,3,2,3,1
1088,1,1,2,38,3,1,2,0,3,4,19,9,1,9,3,3,2,1
1092,1,4,1,40,3,1,2,4,4,6,11,10,11,1,4,1,3,1
1094,1,5,1,27,1,2,2,1,3,4,3,2,1,2,3,1,3,1
1096,1,1,1,55,3,5,2,3,3,4,3,2,1,2,2,4,3,1
1097,1,3,2,28,2,3,1,3,3,4,8,7,1,7,3,3,4,1
1098,3,2,1,44,3,8,2,9,3,1,20,6,3,6,1,2,3,1
1099,1,3,1,33,3,1,3,4,3,2,3,2,1,2,4,4,3,1
1100,2,3,1,35,3,6,1,0,4,2,8,7,4,7,1,4,3,1
1101,1,4,2,33,2,3,1,1,4,4,13,7,3,8,3,1,3,1
1102,1,2,1,28,1,2,3,1,3,5,4,2,2,2,3,1,2,1
1103,1,1,1,34,2,1,1,0,3,1,6,2,0,4,4,1,2,1
1105,2,4,2,37,2,6,3,2,3,5,1,0,0,0,4,4,3,1
1106,1,1,1,25,1,2,2,1,3,3,7,7,5,6,4,4,4,1
1107,1,3,1,26,1,2,3,1,4,0,1,1,0,0,3,1,2,1
1108,1,3,1,33,1,3,1,4,4,0,2,2,2,2,2,1,3,1
1109,1,2,1,42,4,4,2,0,3,3,22,6,13,7,1,4,3,1
1111,1,3,1,28,1,2,3,1,3,2,1,0,0,0,2,1,3,1
1113,2,4,1,50,2,6,1,3,3,4,0,0,0,0,3,4,3,1
1114,2,3,2,33,2,6,2,0,3,3,3,2,0,2,2,4,3,1
1115,1,4,1,34,1,3,2,3,3,2,0,0,0,0,4,3,3,1
1116,1,4,1,48,4,4,1,2,4,3,5,4,2,1,4,1,2,1
1117,2,4,2,45,2,6,2,1,3,2,15,10,4,12,3,2,3,1
1118,1,4,1,52,3,1,1,7,3,4,8,6,4,0,2,2,3,1
1119,2,4,1,38,3,6,3,0,3,2,8,7,2,7,3,3,3,1
1120,1,4,2,29,1,3,3,4,4,1,7,5,1,7,4,3,3,1
1121,1,3,2,28,3,5,3,0,3,3,9,7,1,7,2,4,2,1
1124,2,1,1,46,4,4,2,3,3,3,12,9,4,9,3,1,3,1
1125,2,2,1,38,3,6,1,7,3,2,1,0,0,0,2,4,3,1
1126,1,3,2,43,3,5,2,8,3,1,8,7,0,1,1,3,3,1
1127,1,3,1,39,4,1,3,7,3,4,18,7,11,5,4,1,3,1
1128,1,3,1,40,5,9,1,1,3,2,20,7,4,9,3,3,4,1
1131,1,1,2,21,1,3,1,1,3,6,2,2,2,2,2,4,4,1
1132,1,3,1,39,2,2,1,9,3,2,5,4,0,3,2,3,2,1
1133,1,4,1,36,2,5,1,2,4,0,11,9,0,9,4,1,3,1
1135,2,3,1,31,1,7,2,0,3,4,2,2,2,2,4,3,3,1
1136,1,1,1,28,1,3,2,0,3,2,5,3,0,4,2,1,1,1
1137,2,2,1,35,2,6,3,1,3,3,5,2,0,2,4,4,3,1
1138,2,4,1,49,4,6,2,6,3,3,9,8,2,3,2,4,3,1
1140,1,2,1,34,2,5,1,2,3,3,3,2,0,2,3,4,2,1
1143,1,3,2,29,1,3,3,0,3,2,7,5,1,1,2,4,2,1
1148,1,3,1,42,2,2,1,4,3,3,1,0,0,0,4,2,3,1
1150,1,1,1,29,2,5,2,1,3,2,10,7,1,2,4,2,2,1
1152,3,3,1,38,1,8,2,1,3,2,7,6,5,0,3,3,4,1
1154,1,3,1,28,1,3,3,1,3,2,3,1,0,2,3,3,3,1
1156,1,1,1,18,1,2,1,1,3,0,0,0,0,0,3,3,3,1
1157,2,4,2,33,2,6,1,0,3,3,5,2,0,3,1,1,3,1
1158,1,4,1,41,1,2,2,3,3,4,1,0,0,0,4,2,3,1
1160,1,3,1,31,1,2,2,1,3,5,2,2,2,2,3,3,2,1
1161,1,2,2,37,2,1,3,7,3,2,6,2,1,3,4,3,3,1
1162,1,3,1,27,1,3,2,1,3,0,4,2,2,2,3,4,3,1
1163,2,1,2,34,2,6,2,1,4,3,6,5,1,3,3,2,2,1
1164,3,4,1,35,1,8,1,1,3,2,5,4,1,4,3,3,1,1
1165,3,1,2,29,3,6,2,1,3,3,11,8,3,10,1,4,1,1
1166,1,4,2,40,3,9,1,9,3,3,18,7,2,13,3,2,2,1
1167,2,3,1,42,4,6,1,0,3,2,21,9,13,14,1,3,2,1
1171,2,4,1,42,2,6,1,7,3,3,6,4,1,5,1,2,4,1
1172,1,4,1,35,1,2,2,6,3,2,8,0,1,7,3,4,3,1
1173,1,3,1,24,1,2,1,8,4,2,4,3,1,2,2,4,3,1
1175,1,1,2,28,1,2,2,1,3,4,1,1,0,0,4,3,2,1
1177,1,4,1,26,1,2,2,1,4,2,8,7,0,7,4,1,3,1
1179,2,3,1,30,2,6,2,1,3,3,10,3,1,4,3,3,3,1
1180,1,2,2,40,2,3,2,3,3,3,1,1,0,0,4,3,1,1
1182,1,3,1,35,3,5,3,2,3,2,7,7,6,4,2,3,4,1
1184,1,3,1,34,2,1,1,0,4,3,13,9,4,9,1,4,3,1
1185,1,4,1,35,1,2,2,1,3,2,2,2,2,2,4,4,4,1
1188,2,3,2,43,2,6,1,8,3,2,4,3,1,3,3,1,2,1
1190,2,1,2,32,1,7,3,1,3,3,1,0,0,0,1,3,3,1
1191,1,4,2,56,5,4,3,4,3,2,5,2,4,2,1,4,3,1
1192,1,1,2,29,1,2,2,1,3,5,10,8,0,8,4,2,3,1
1193,1,2,1,19,1,3,1,1,4,4,1,1,0,0,1,3,3,1
1195,1,3,2,45,1,3,2,4,3,2,3,2,0,2,3,1,2,1
1196,1,3,2,37,2,5,2,1,3,2,14,8,3,11,4,4,2,1
1198,1,3,1,20,1,2,1,1,3,2,2,2,1,2,3,1,2,1
1200,1,4,1,44,1,3,1,1,3,4,6,4,0,2,3,3,3,1
1201,1,2,2,53,5,4,3,3,3,6,7,7,4,7,3,4,3,1
1202,1,1,2,29,1,3,2,0,3,2,5,4,1,3,4,2,2,1
1203,1,4,1,22,1,3,2,0,3,5,0,0,0,0,4,3,3,1
1204,2,3,2,46,4,4,2,8,4,2,26,15,15,9,1,3,3,1
1206,1,3,1,44,1,3,1,2,3,3,0,0,0,0,3,4,3,1
1207,3,3,1,33,1,8,2,1,3,2,5,4,1,4,3,2,3,1
1210,1,2,1,41,1,3,3,6,3,2,1,0,0,0,1,1,1,1
1211,2,4,1,30,2,6,3,8,3,3,4,3,0,3,1,3,3,1
1212,2,4,1,40,2,6,2,5,3,2,0,0,0,0,2,2,3,1
1215,1,3,2,50,4,4,2,2,4,3,2,2,2,2,1,4,3,1
1216,1,4,1,28,1,2,2,1,3,2,6,5,3,3,1,4,3,1
1217,1,2,1,46,5,9,2,5,3,2,4,2,0,3,2,4,3,1
1218,2,4,1,35,2,6,2,3,3,2,7,7,1,7,1,3,3,1
1219,1,2,2,24,1,2,2,1,3,3,1,0,0,0,2,4,1,1
1220,2,3,2,33,2,6,2,1,3,3,10,7,0,1,3,2,2,1
1221,1,4,1,36,1,2,3,1,3,4,7,7,1,7,3,3,3,1
1224,1,4,1,30,2,2,3,1,3,4,10,7,8,9,3,3,2,1
1225,1,4,1,44,2,3,1,1,4,3,20,11,13,17,4,4,3,1
1226,2,3,1,20,1,7,1,1,3,2,2,1,2,2,4,3,3,1
1228,1,4,1,46,2,5,3,2,3,3,6,3,1,4,4,4,2,1
1231,3,5,1,42,2,8,2,7,3,3,4,3,0,3,1,4,4,1
1233,2,4,1,60,2,6,3,0,3,3,11,7,1,9,4,2,3,1
1234,1,3,2,32,1,2,2,1,4,2,2,2,2,2,2,3,3,1
1235,1,2,2,32,2,3,1,4,3,2,8,7,0,7,3,4,3,1
1237,1,3,2,36,3,5,3,2,4,2,7,7,7,7,1,3,3,1
1238,1,3,1,33,1,3,2,0,3,5,14,10,4,10,4,1,3,1
1239,2,3,2,40,2,6,3,7,3,2,5,1,1,3,2,2,4,1
1240,2,4,1,25,2,6,1,0,3,4,4,3,1,1,4,3,3,1
1241,1,3,1,30,1,3,2,0,4,2,11,9,5,7,2,4,3,1
1242,1,5,2,42,3,9,2,3,3,6,1,0,0,0,1,1,3,1
1243,2,2,2,35,3,6,2,4,3,6,13,2,4,12,4,3,2,1
1244,1,3,1,27,1,3,2,1,3,3,9,7,6,8,1,1,2,1
1245,1,4,2,54,3,5,3,7,3,2,5,4,1,4,3,4,1,1
1246,1,1,2,44,1,3,2,1,3,5,10,5,7,7,4,1,3,1
1248,1,3,2,19,1,3,1,1,4,2,1,1,0,0,2,1,4,1
1249,1,3,2,29,1,3,3,1,3,5,3,2,1,2,4,1,3,1
1250,1,3,1,54,4,9,2,3,3,2,10,9,0,9,4,4,3,1
1251,1,2,1,31,2,1,2,1,3,2,6,5,0,1,1,3,2,1
1252,1,3,2,31,2,1,1,1,3,2,10,9,1,8,1,3,3,1
1254,2,3,2,59,2,6,1,5,3,2,6,1,0,5,4,3,3,1
1255,1,3,1,43,5,9,2,3,3,2,8,7,0,7,4,3,3,1
1256,1,2,1,49,5,4,2,2,3,2,1,0,0,0,3,1,4,1
1257,1,3,1,36,1,3,2,1,3,2,11,10,0,7,2,3,2,1
1258,1,2,1,48,1,2,1,5,3,4,1,0,0,0,2,4,2,1
1259,1,2,1,27,1,3,3,1,3,2,5,3,0,3,3,1,3,1
1260,1,3,1,29,2,1,3,1,3,2,6,0,1,0,4,3,3,1
1263,1,3,1,48,5,9,1,6,3,3,1,0,0,0,4,4,4,1
1264,1,3,2,29,4,9,3,3,3,2,7,7,1,7,4,4,2,1
1265,1,3,2,34,1,3,2,0,3,5,1,0,0,0,3,3,2,1
1267,2,3,1,44,5,4,2,7,3,5,22,9,3,10,2,2,3,1
1268,2,5,1,33,3,6,3,0,3,3,9,8,0,8,3,4,3,1
1269,1,3,2,19,1,3,1,1,3,2,1,0,0,1,4,2,3,1
1270,1,2,1,23,1,3,2,1,4,2,1,0,0,1,3,4,3,1
1273,2,1,1,25,1,7,1,1,3,4,1,0,1,0,4,3,3,1
1275,1,2,1,26,1,3,1,1,4,2,8,5,2,2,4,3,2,1
1277,2,3,2,45,5,4,1,2,3,2,24,10,1,11,2,1,3,1
1278,1,1,1,55,4,1,3,1,3,3,33,9,15,0,2,4,3,1
1279,1,2,2,21,1,2,1,1,4,2,2,2,2,2,3,1,1,1
1280,2,2,2,46,5,4,2,2,3,2,11,4,0,8,2,4,3,1
1281,2,3,2,34,2,6,1,0,3,3,3,2,0,2,1,3,3,1
1282,2,3,1,51,5,4,3,4,4,5,29,10,11,10,2,4,2,1
1283,1,4,1,59,3,5,1,6,3,6,9,7,5,4,4,4,2,1
1285,1,3,2,34,2,2,3,4,3,2,11,8,5,10,2,3,4,1
1286,1,4,1,28,1,2,1,0,3,2,4,2,0,2,3,4,2,1
1288,1,2,1,44,5,4,3,1,3,4,25,9,14,13,1,3,2,1
1289,3,3,1,34,2,8,2,4,3,5,10,9,1,8,2,3,4,1
1291,1,1,1,35,1,3,2,0,3,3,3,2,2,2,3,3,3,1
1292,1,4,2,42,2,3,2,6,3,2,1,0,0,0,2,2,3,1
1293,2,4,2,43,3,6,1,3,3,3,21,7,15,17,4,4,4,1
1294,1,4,2,36,2,5,1,9,3,2,16,14,5,12,2,3,3,1
1295,1,3,2,44,3,1,2,1,3,2,10,7,0,5,4,1,3,1
1296,1,3,1,28,1,2,2,1,3,2,2,2,2,2,4,4,3,1
1297,1,2,2,51,1,2,1,0,3,6,7,0,7,7,3,2,2,1
1298,1,2,2,30,2,5,1,7,3,3,8,4,1,7,3,3,3,1
1299,1,3,2,29,1,2,3,3,3,2,7,7,7,7,3,2,3,1
1301,1,3,1,28,1,3,1,2,3,2,3,2,1,2,1,4,2,1
1303,1,3,2,25,1,3,1,1,3,3,2,2,2,1,2,4,2,1
1304,2,3,1,32,2,6,2,1,3,4,10,7,0,8,4,3,4,1
1306,1,3,2,45,5,4,1,3,4,4,0,0,0,0,2,2,3,1
1307,1,4,2,39,4,4,3,6,3,4,19,9,15,2,2,3,3,1
1308,1,4,1,58,1,3,3,1,3,3,2,2,2,2,3,1,3,1
1309,1,2,1,32,2,2,2,1,3,3,10,4,1,1,3,4,3,1
1310,1,3,1,39,1,3,1,0,3,2,5,2,0,3,1,3,3,1
1311,1,3,2,30,2,2,2,0,3,6,9,2,6,7,4,1,3,1
1312,1,4,2,36,3,1,2,3,3,0,7,7,1,7,3,4,3,1
1314,3,2,2,46,1,8,1,6,3,3,7,6,5,7,1,4,4,1
1315,3,3,2,28,2,2,2,0,3,6,9,8,7,5,4,3,3,1
1317,1,3,2,50,4,9,2,4,3,2,3,2,1,2,1,4,3,1
1318,2,4,1,40,3,6,1,2,3,2,5,4,1,0,2,4,3,1
1319,2,3,1,52,3,6,1,9,3,2,8,7,7,7,2,2,2,1
1321,1,4,2,30,3,4,2,1,4,2,9,1,0,8,1,2,3,1
1322,1,2,1,39,2,5,1,0,3,6,8,7,1,7,3,1,3,1
1324,2,4,2,31,3,6,3,1,3,5,10,8,9,6,3,4,2,1
1329,2,2,1,41,2,6,1,1,3,4,19,2,11,9,2,3,3,1
1331,2,3,2,31,1,7,1,1,3,2,3,2,2,2,2,4,4,1
1333,1,3,1,44,1,2,2,4,3,4,3,2,1,2,1,1,4,1
1334,1,1,1,42,4,4,2,0,3,3,20,8,2,10,3,3,2,1
1336,1,2,2,55,5,4,2,4,3,5,19,9,9,11,3,4,3,1
1338,3,4,1,56,5,4,1,6,3,4,7,3,7,7,2,4,3,1
1340,1,2,1,40,1,3,3,9,3,0,4,2,0,0,3,3,3,1
1344,1,3,1,34,3,1,3,0,3,0,9,7,1,6,4,4,2,1
1346,1,3,1,40,2,3,1,1,3,4,9,8,8,8,4,3,3,1
1349,2,3,2,41,2,6,3,0,3,2,9,3,1,7,1,3,3,1
1350,1,4,1,35,2,3,1,1,3,3,9,6,1,1,3,3,3,1
1352,3,3,1,51,4,4,3,1,3,2,33,9,0,10,2,3,3,1
1355,2,2,2,38,2,6,3,3,3,3,7,7,1,7,1,2,3,1
1356,2,2,2,34,2,6,1,1,3,6,10,8,9,6,1,3,4,1
1358,1,1,1,25,1,2,2,3,3,6,3,2,1,2,4,4,2,1
1360,1,4,2,58,3,5,2,7,3,0,10,9,5,9,1,3,2,1
1361,1,4,1,40,1,2,2,3,4,3,4,2,0,3,2,2,3,1
1362,2,3,2,36,2,6,2,2,3,2,15,7,6,13,1,1,2,1
1363,1,3,1,48,3,5,1,1,3,2,10,9,0,8,4,4,3,1
1364,2,3,2,27,1,7,2,8,3,4,1,0,0,0,4,3,3,1
1367,1,2,2,51,4,5,1,3,3,1,5,2,0,3,2,4,2,1
1368,1,3,2,18,1,2,1,1,3,5,0,0,0,0,4,4,4,1
1369,1,3,2,35,2,2,2,0,3,0,9,7,0,0,4,4,3,1
1371,2,1,1,27,2,6,1,3,4,3,6,2,0,0,4,4,3,1
1372,2,4,1,55,4,6,1,6,3,2,19,7,3,8,3,1,2,1
1373,1,3,1,56,4,5,2,4,3,0,19,16,15,9,2,4,3,1
1374,1,1,2,34,1,3,3,1,4,2,5,4,0,0,3,1,3,1
1375,1,1,2,40,2,1,3,5,4,0,12,11,11,8,3,2,3,1
1377,1,3,1,34,2,2,2,4,3,1,8,7,7,7,3,2,3,1
1379,2,3,2,31,1,7,1,7,3,3,1,0,0,0,4,3,4,1
1380,2,4,2,35,2,6,2,0,3,0,4,2,3,2,3,4,2,1
1382,1,3,1,38,1,3,3,1,3,2,4,2,0,3,3,4,3,1
1383,1,4,2,34,2,1,1,1,3,2,14,11,4,11,4,3,4,1
1387,2,3,1,28,2,6,2,1,3,0,5,3,0,4,1,3,3,1
1389,1,4,1,31,2,5,2,1,3,3,10,2,6,7,3,4,2,1
1390,2,4,1,39,2,6,2,3,3,2,5,4,1,4,4,1,4,1
1391,2,3,1,51,3,6,2,2,3,5,4,2,3,2,2,2,3,1
1392,1,3,2,41,2,3,3,3,3,4,6,2,3,3,4,4,2,1
1394,1,1,1,37,1,3,2,7,3,2,6,4,1,3,3,3,3,1
1395,2,1,1,33,2,6,2,6,3,2,5,4,1,2,4,2,4,1
1396,2,1,1,32,2,6,2,0,3,3,3,2,1,2,2,3,2,1
1397,1,2,1,39,3,1,2,3,4,2,6,4,0,5,3,3,3,1
1399,2,1,1,25,2,6,2,2,3,3,3,2,1,2,3,1,2,1
1401,1,2,2,52,4,5,2,2,3,3,5,3,0,2,3,4,2,1
1402,1,3,2,43,2,3,1,1,3,3,20,7,1,8,3,1,1,1
1403,2,3,2,27,2,6,2,1,3,3,6,2,4,4,4,4,3,1
1405,1,4,2,27,1,3,1,1,3,2,8,2,7,7,3,4,3,1
1407,1,1,1,26,1,3,1,0,3,2,4,3,1,1,4,1,3,1
1408,3,3,2,42,4,4,2,0,3,5,20,7,0,9,1,3,3,1
1409,1,4,2,52,1,2,2,9,3,2,5,4,0,4,1,3,1,1
1411,1,3,2,37,1,2,1,4,3,6,3,2,0,2,3,1,3,1
1412,1,2,1,35,3,5,1,2,3,2,2,2,2,2,4,3,3,1
1415,1,3,1,25,1,2,2,4,3,2,3,2,0,2,4,1,2,1
1417,1,3,1,26,1,2,1,0,3,2,7,7,0,7,1,3,3,1
1419,3,3,1,29,3,8,1,1,3,3,10,9,0,9,1,2,2,1
1420,1,2,1,49,2,2,1,3,4,2,4,3,1,3,1,1,3,1
1421,1,1,2,29,3,1,1,0,3,1,8,7,7,7,4,3,3,1
1422,1,3,2,54,4,9,1,6,3,3,20,7,12,7,4,4,2,1
1423,1,3,2,58,5,9,2,3,4,3,9,8,1,5,1,4,3,1
1424,1,4,1,55,4,9,3,2,3,4,7,7,0,0,4,2,4,1
1425,2,4,2,36,2,6,1,3,3,3,5,4,0,1,2,1,3,1
1427,2,4,2,31,1,7,1,1,3,3,1,0,0,0,3,2,3,1
1428,2,4,2,30,2,6,3,7,3,3,3,2,0,2,1,4,3,1
1430,1,5,2,31,4,9,1,3,3,3,3,2,1,0,2,1,4,1
1431,1,4,1,34,1,3,3,5,3,2,4,3,1,3,1,4,3,1
1433,1,3,2,31,1,3,1,1,3,3,1,0,0,0,2,1,4,1
1434,1,1,1,27,1,2,2,0,3,3,5,0,1,4,1,2,4,1
1435,1,4,1,36,2,2,1,1,3,2,10,4,1,8,4,1,2,1
1436,2,4,2,36,2,6,2,4,3,3,3,2,0,2,1,3,2,1
1438,1,3,1,47,1,3,2,7,3,2,6,5,1,2,4,1,2,1
1439,2,2,1,25,1,7,2,3,3,2,3,2,2,2,1,1,3,1
1440,1,2,1,37,1,2,1,0,3,2,6,5,1,3,3,3,1,1
1441,1,2,2,56,1,3,2,2,4,3,3,2,1,0,1,1,4,1
1443,1,4,2,47,4,9,2,3,3,2,20,17,5,6,3,1,4,1
1445,2,1,2,24,2,6,2,1,3,3,5,4,0,3,3,4,3,1
1446,2,5,1,32,2,6,2,4,3,3,4,3,0,3,4,4,2,1
1447,1,3,2,34,1,2,2,5,3,2,5,4,0,2,2,4,2,1
1448,1,5,1,41,1,3,2,2,3,5,4,2,0,3,3,2,2,1
1449,1,4,1,40,2,2,3,3,3,2,8,7,0,7,3,3,4,1
1453,2,2,1,31,3,6,3,1,3,5,13,7,9,9,4,1,3,1
1457,2,3,1,46,3,6,3,4,3,1,7,7,4,3,4,1,4,1
1458,1,3,2,39,1,2,1,2,4,2,1,0,0,0,1,1,4,1
1459,1,5,2,31,3,5,1,1,3,2,10,8,4,7,2,3,3,1
1460,1,3,1,45,3,1,3,2,3,2,7,7,0,7,1,2,3,1
1461,3,2,2,31,1,8,1,9,3,3,3,2,0,2,2,4,3,1
1464,1,3,1,31,1,2,2,6,3,2,2,2,2,2,4,2,1,1
1465,1,3,1,45,3,5,2,4,3,4,3,1,1,2,4,2,4,1
1466,2,3,1,48,2,6,3,4,3,3,2,2,2,2,1,3,3,1
1467,3,4,2,34,1,8,2,1,3,0,2,2,2,2,3,1,3,1
1468,1,1,1,40,3,9,3,2,3,5,9,8,4,8,2,4,3,1
1469,2,3,1,28,2,6,1,0,3,4,5,4,1,3,1,4,3,1
1471,1,3,1,44,1,2,1,3,3,5,5,2,0,3,3,3,3,1
1472,1,3,1,53,4,9,1,4,3,2,9,8,8,8,2,4,2,1
1473,1,4,1,49,2,1,2,2,3,0,3,2,1,2,3,1,2,1
1474,1,3,1,40,1,3,3,2,3,3,3,1,1,2,3,3,4,1
1475,1,3,1,44,1,3,1,1,3,3,5,2,1,3,2,4,2,1
1477,2,3,1,33,2,6,2,0,3,2,4,3,0,3,1,4,3,1
1478,2,3,1,34,2,6,1,3,3,2,13,9,3,12,1,4,3,1
1479,2,1,1,30,2,6,2,8,3,2,2,1,2,2,3,4,2,1
1480,1,2,2,42,1,2,1,1,3,3,12,9,5,8,4,1,3,1
1481,2,5,2,44,2,6,2,7,3,4,1,0,0,0,3,1,2,1
1482,1,3,1,30,1,3,3,1,3,2,1,0,0,0,3,3,2,1
1483,1,2,1,57,2,3,2,0,4,2,12,9,2,8,3,2,2,1
1484,1,4,1,49,3,1,3,3,3,3,8,7,0,7,2,3,3,1
1485,1,3,1,34,4,9,3,7,3,3,14,8,6,9,1,2,2,1
1486,2,3,1,28,1,7,2,3,3,3,3,2,1,2,3,1,4,1
1487,2,3,2,29,2,6,1,5,3,4,5,3,0,0,2,1,1,1
1489,2,4,2,34,2,6,1,0,4,2,15,9,10,10,2,1,4,1
1492,2,1,1,35,1,7,2,1,3,3,1,0,0,0,3,4,3,1
1494,1,3,1,24,1,2,1,2,3,2,0,0,0,0,1,2,2,1
1495,2,2,2,24,1,7,2,1,3,2,1,0,0,0,2,4,3,1
1496,1,1,1,44,3,5,1,5,3,2,2,2,2,2,3,2,2,1
1497,2,3,1,29,2,6,3,1,3,3,10,7,0,4,3,3,3,1
1499,3,3,1,30,1,8,3,0,4,3,5,3,1,3,3,3,4,1
1501,1,4,1,55,2,1,2,0,3,2,3,2,1,2,3,4,3,1
1502,1,4,2,33,1,2,2,8,3,5,5,4,0,2,2,1,3,1
1503,2,3,2,47,2,6,2,3,3,4,5,4,1,2,3,3,2,1
1504,1,2,1,28,1,2,1,7,3,2,0,0,0,0,1,3,2,1
1506,1,3,1,28,1,3,3,1,3,2,1,0,0,0,3,1,1,1
1507,2,3,1,28,2,6,1,0,3,5,4,2,1,3,1,3,3,1
1509,1,2,2,49,2,2,2,4,4,3,3,2,1,2,1,3,3,1
1513,1,1,2,29,1,2,2,0,3,3,3,2,0,2,2,4,3,1
1514,1,1,1,28,2,5,2,1,3,2,8,6,1,7,2,3,2,1
1515,1,5,1,33,2,1,1,2,3,6,0,0,0,0,3,4,3,1
1516,1,3,1,32,3,4,1,2,4,5,5,2,0,0,4,3,4,1
1520,1,4,2,54,4,4,3,3,4,2,14,9,1,12,4,2,3,1
1522,1,4,1,29,1,3,1,6,3,2,9,7,0,7,1,1,1,1
1523,1,3,1,44,4,9,2,3,3,1,20,6,14,17,1,4,4,1
1525,1,3,2,39,3,5,1,4,3,3,2,0,2,2,2,2,3,1
1527,2,3,2,46,4,4,2,8,3,2,13,12,5,1,2,3,4,1
1529,1,3,2,35,3,1,1,1,3,3,11,8,3,3,2,4,1,1
1533,1,1,1,23,2,2,1,0,3,2,4,3,1,2,3,1,3,1
1534,1,4,1,40,1,2,1,3,3,3,5,4,1,0,1,4,1,1
1535,2,3,1,34,3,6,2,1,3,3,10,9,8,6,3,4,3,1
1537,1,3,2,31,1,3,1,1,3,2,7,2,7,7,3,4,1,1
1539,1,5,1,50,4,9,1,1,3,2,32,6,13,9,4,3,3,1
1541,2,2,1,34,1,7,2,0,4,4,11,10,5,7,3,2,3,1
1542,1,3,1,42,1,2,2,4,3,3,1,0,0,0,2,3,3,1
1543,1,3,1,37,2,3,2,1,3,2,10,8,3,7,4,1,3,1
1544,1,1,2,29,2,1,2,3,3,3,7,7,0,7,1,3,3,1
1545,1,3,1,33,2,5,1,1,3,2,5,3,0,2,2,4,3,1
1546,1,3,1,45,1,3,2,4,4,3,5,4,0,3,4,4,3,1
1547,1,3,1,42,3,1,2,2,3,3,20,8,13,9,4,4,1,1
1548,2,2,1,40,2,6,2,0,3,5,8,4,7,1,1,1,4,1
1549,1,4,1,33,2,2,2,1,3,3,15,14,5,7,3,2,3,1
1550,3,2,1,40,4,4,1,1,4,2,21,7,7,7,4,3,3,1
1551,1,2,1,24,1,2,3,0,3,3,1,1,0,0,1,3,3,1
1552,1,2,1,40,2,1,3,3,3,2,2,2,2,2,4,4,3,1
1553,1,4,1,45,3,1,3,1,3,4,10,8,7,7,2,1,3,1
1554,2,4,2,35,1,7,2,0,4,5,5,3,4,2,3,2,3,1
1555,1,2,2,32,2,3,2,3,3,2,7,1,2,5,2,4,3,1
1556,2,4,1,36,1,7,1,3,4,3,3,2,1,2,4,3,2,1
1557,2,4,2,48,2,6,3,8,3,2,8,7,7,7,3,3,3,1
1558,1,3,1,29,1,3,2,6,3,2,1,0,0,0,3,3,2,1
1560,2,4,1,33,2,6,2,2,3,6,2,2,2,2,1,1,1,1
1562,2,3,1,30,2,6,2,1,3,4,10,8,6,7,1,2,3,1
1563,3,4,1,38,2,8,2,3,3,2,6,3,1,2,3,3,3,1
1564,1,3,1,35,1,2,1,1,3,3,3,0,1,2,1,4,3,1
1568,2,4,1,30,3,6,2,3,3,3,4,2,1,3,2,3,3,1
1569,1,3,2,35,1,2,3,1,3,2,1,0,0,0,1,1,3,1
1572,1,5,2,53,3,5,2,0,3,4,33,7,1,9,4,3,3,1
1573,1,3,1,38,2,5,2,4,3,2,5,2,1,4,2,3,3,1
1574,1,4,1,32,2,3,2,4,3,3,6,5,1,2,1,4,2,1
1576,1,4,2,48,1,3,2,8,3,3,8,2,7,6,1,3,2,1
1577,1,4,1,34,1,3,1,1,3,4,1,0,0,0,4,1,1,1
1578,2,5,1,55,5,4,2,1,4,3,36,6,2,13,4,3,3,1
1580,1,4,1,34,2,3,2,9,3,3,2,2,2,1,4,2,2,1
1581,1,3,2,26,1,3,2,1,4,5,1,0,0,0,4,1,3,1
1582,2,3,1,38,2,6,2,0,3,3,9,8,7,7,2,3,3,1
1583,2,3,2,38,2,6,1,2,3,5,3,2,1,2,2,2,4,1
1585,2,4,2,36,2,6,1,6,3,5,1,0,0,0,3,2,3,1
1586,1,1,1,29,1,2,1,1,3,3,10,9,1,5,1,2,3,1
1587,1,4,2,35,2,1,1,3,3,4,5,2,0,4,3,1,3,1
1588,2,3,1,39,3,6,2,2,3,3,7,6,7,6,3,4,3,1
1590,1,1,1,29,2,1,3,1,3,0,6,4,1,3,4,1,4,1
1591,2,3,1,50,5,4,2,4,3,2,1,0,0,0,3,3,3,1
1592,1,3,1,23,1,3,2,2,3,2,2,2,2,2,3,4,3,1
1594,1,4,1,36,2,2,2,3,3,3,3,2,0,2,1,1,3,1
1595,1,2,1,42,5,4,1,8,4,2,1,0,0,1,4,4,3,1
1596,1,3,1,35,2,2,2,1,3,3,10,9,6,8,3,2,2,1
1597,1,4,1,34,2,1,2,1,3,3,8,2,7,7,3,4,2,1
1598,2,2,2,40,2,6,2,1,3,2,5,4,1,2,1,4,3,1
1599,1,3,1,43,1,2,3,5,3,0,6,4,0,2,2,4,3,1
1601,1,2,1,35,1,2,2,1,3,5,1,0,0,1,4,3,2,1
1602,2,4,1,46,4,4,1,1,3,5,26,0,0,12,1,4,1,1
1604,1,3,1,28,1,2,2,1,3,3,1,1,0,0,2,3,3,1
1605,1,2,2,22,1,3,2,1,3,2,4,2,1,3,3,2,2,1
1606,1,5,1,50,4,1,2,2,3,3,30,8,12,13,3,2,3,1
1607,1,4,2,32,1,3,2,3,3,3,3,2,0,2,4,2,3,1
1608,1,3,2,44,5,9,3,0,3,4,22,7,1,10,4,2,2,1
1609,1,3,1,30,1,3,2,1,3,3,6,4,1,1,2,2,2,1
1611,1,5,2,45,2,2,1,1,3,3,10,7,1,4,1,3,3,1
1612,2,3,1,45,2,6,2,1,3,2,10,7,4,5,1,1,3,1
1613,2,4,1,31,2,6,1,7,3,3,5,2,0,3,1,4,3,1
1614,1,4,2,36,2,5,2,9,3,2,3,2,1,1,3,3,3,1
1615,1,4,1,34,2,5,3,1,3,3,9,7,7,2,4,3,3,1
1617,1,4,2,49,1,2,2,1,3,3,9,6,1,4,1,3,2,1
1618,1,5,1,39,2,5,2,2,3,3,7,7,7,7,1,2,3,1
1619,1,3,1,27,1,2,3,1,3,3,7,7,0,7,1,4,3,1
1621,1,5,1,35,2,3,2,1,3,2,16,15,1,10,1,2,3,1
1622,1,3,2,28,2,5,3,0,4,5,5,3,0,0,1,2,2,1
1623,1,1,1,21,1,3,1,1,3,2,2,2,2,2,4,3,3,1
1624,2,2,2,18,1,7,1,1,3,2,0,0,0,0,4,2,4,1
1625,3,4,2,47,5,4,2,3,3,2,5,2,1,0,3,4,3,1
1627,1,2,1,39,2,2,3,0,3,3,10,8,0,7,3,3,3,1
1628,1,3,2,40,3,5,2,1,3,2,18,15,14,12,3,1,3,1
1630,1,4,2,35,2,1,2,1,3,5,14,11,2,9,3,3,3,1
1631,1,3,1,37,2,5,2,3,3,2,4,3,0,2,3,3,2,1
1633,1,3,2,39,2,5,1,0,3,2,9,2,3,8,3,1,1,1
1635,1,2,2,45,2,5,3,1,3,3,10,7,3,9,4,4,3,1
1638,1,2,2,38,3,5,2,3,3,6,5,4,0,2,3,4,4,1
1639,2,3,1,35,3,6,2,9,3,3,13,12,6,0,1,4,3,1
1640,1,3,2,37,1,3,2,1,3,2,8,4,7,7,2,2,1,1
1641,1,3,2,40,3,5,1,6,3,2,4,2,3,3,4,3,2,1
1642,3,5,1,44,2,8,2,4,3,3,10,7,0,2,4,1,3,1
1644,1,5,1,48,4,4,2,2,4,3,2,2,2,2,4,3,3,1
1645,2,2,1,35,2,6,3,6,3,2,2,2,2,2,4,1,2,1
1646,1,1,2,24,1,3,1,1,3,2,6,3,1,3,4,1,3,1
1647,1,3,2,27,1,3,2,7,3,0,3,2,0,2,3,2,3,1
1648,1,3,1,27,1,3,1,2,3,0,4,2,1,2,4,4,2,1
1649,1,3,1,40,1,2,1,3,3,3,4,2,0,3,1,1,1,1
1650,2,3,1,29,2,6,1,9,3,2,5,2,1,4,3,3,3,1
1651,1,4,2,36,3,1,2,4,3,6,3,2,0,2,1,2,3,1
1653,1,1,1,25,2,5,3,1,3,6,7,7,0,7,3,4,3,1
1654,1,3,1,39,2,5,2,4,4,3,5,4,1,0,2,4,3,1
1655,1,4,2,49,4,9,2,3,3,2,4,2,1,2,2,1,3,1
1656,1,5,2,50,3,9,3,5,3,3,14,11,1,11,1,4,3,1
1657,2,3,2,20,1,7,1,1,3,3,2,2,2,2,3,3,3,1
1658,1,3,2,34,2,3,3,1,3,2,11,8,7,9,2,4,3,1
1659,1,3,1,36,1,2,1,2,3,4,4,3,1,3,2,1,3,1
1661,1,1,2,49,4,1,2,2,3,3,15,11,2,12,3,3,3,1
1662,1,4,2,36,2,5,2,0,3,6,3,2,1,2,3,4,3,1
1664,1,2,1,36,2,1,3,6,4,3,5,4,0,4,1,4,3,1
1665,1,5,2,54,4,4,2,3,4,6,10,8,4,7,3,2,3,1
1666,1,2,1,43,4,9,2,1,4,3,14,10,6,11,3,3,3,1
1667,2,4,1,35,2,6,1,3,4,2,11,9,6,7,4,4,4,1
1668,1,3,1,38,2,3,2,7,3,4,13,11,2,9,4,4,4,1
1669,2,3,1,29,2,6,3,1,3,3,10,0,0,9,2,1,2,1
1670,2,4,1,33,2,6,3,1,3,5,6,2,0,4,4,4,3,1
1671,1,3,1,32,2,3,3,0,3,4,9,5,1,6,2,4,2,1
1673,2,4,2,31,2,6,2,1,3,2,10,0,0,2,4,1,3,1
1674,1,3,2,49,1,2,3,4,3,2,2,2,2,2,1,4,2,1
1675,1,3,2,38,1,2,1,1,4,3,4,3,3,3,2,4,3,1
1676,2,4,2,47,4,4,3,6,3,2,3,2,1,2,2,2,3,1
1677,1,3,1,49,4,4,1,4,3,2,8,7,0,0,3,3,3,1
1678,2,2,1,41,3,6,1,3,3,2,2,0,0,2,3,4,3,1
1680,2,1,1,20,1,7,1,1,3,3,2,2,0,2,1,4,3,1
1681,2,3,2,33,2,6,3,1,4,2,6,5,1,2,4,3,3,1
1682,1,4,1,36,2,1,2,6,3,2,3,2,0,2,3,1,2,1
1683,3,3,2,44,1,8,3,4,3,2,2,2,2,2,4,3,3,1
1684,1,1,1,23,1,2,1,1,3,2,5,4,1,2,3,4,3,1
1687,1,2,2,38,1,2,2,7,3,5,0,0,0,0,3,4,2,1
1689,1,4,1,53,3,1,2,3,3,2,4,3,1,2,4,2,3,1
1691,2,2,2,48,1,7,2,2,3,3,9,7,7,7,3,4,3,1
1692,1,4,1,32,1,2,1,1,3,2,1,0,0,0,2,4,3,1
1693,1,3,1,26,1,2,1,1,4,5,7,7,5,7,4,4,3,1
1694,1,3,1,55,1,3,3,5,3,1,4,2,1,2,2,1,3,1
1696,1,2,1,34,2,2,2,1,3,3,15,10,4,13,4,2,4,1
1697,1,4,1,60,3,1,3,3,4,2,1,0,0,0,4,3,4,1
1698,1,3,1,33,1,2,2,1,3,6,14,11,2,13,2,2,3,1
1700,2,4,1,37,2,6,3,1,3,2,6,3,1,3,4,3,2,1
1701,1,3,2,34,1,3,2,1,3,3,10,9,8,7,4,2,3,1
1702,2,3,1,23,1,7,3,1,4,2,3,2,0,2,4,3,3,1
1703,1,3,2,44,3,1,2,1,3,2,8,7,6,7,4,3,3,1
1704,1,4,1,35,1,3,1,0,3,2,5,4,1,4,4,1,4,1
1706,2,3,1,43,2,6,2,1,3,3,10,9,8,8,4,4,3,1
1707,1,3,1,24,1,3,2,1,3,1,5,3,0,4,3,3,3,1
1708,2,3,1,41,3,6,1,1,3,3,10,8,8,7,3,4,3,1
1709,1,4,2,29,1,2,2,9,3,2,5,3,1,2,3,4,3,1
1710,2,4,2,36,2,7,1,3,3,2,13,7,6,7,4,3,2,1
1712,1,1,1,45,3,1,2,3,4,3,23,15,14,4,3,3,2,1
1714,3,1,1,24,1,8,2,1,3,2,1,0,0,0,3,4,3,1
1716,2,3,1,47,4,6,2,7,3,3,23,5,14,10,3,3,1,1
1718,1,4,1,26,1,2,2,1,3,3,3,2,0,2,3,4,4,1
1719,1,2,2,45,4,9,1,1,3,2,21,6,8,6,2,4,3,1
1720,1,3,1,32,1,3,2,6,3,3,5,2,1,3,3,1,2,1
1721,1,4,1,31,1,2,2,1,3,2,5,2,0,3,3,2,4,1
1722,3,3,1,41,2,8,2,6,3,4,3,2,1,2,2,3,3,1
1724,1,2,2,40,2,5,2,2,3,3,1,0,0,0,1,2,3,1
1725,1,1,1,24,1,2,3,1,3,2,6,2,1,2,1,2,4,1
1727,1,4,1,46,2,1,1,6,3,3,10,7,0,9,2,3,3,1
1728,1,4,1,35,2,5,2,2,3,3,7,7,0,7,3,4,3,1
1729,1,1,1,30,1,3,2,1,3,2,10,0,0,8,4,2,2,1
1731,2,4,1,47,2,6,2,7,3,3,1,0,0,0,2,3,1,1
1732,2,3,1,46,3,6,3,4,3,5,10,6,0,3,4,3,2,1
1733,2,5,1,36,2,6,3,5,3,3,2,2,2,2,1,2,3,1
1734,2,2,1,32,2,6,1,6,3,2,0,0,0,0,2,1,3,1
1735,1,1,2,23,1,2,1,1,3,3,3,2,1,2,2,3,1,1
1736,1,1,2,31,2,5,1,2,4,3,5,4,1,4,4,4,2,1
1737,1,3,1,39,2,2,2,1,3,2,9,8,5,8,4,4,3,1
1739,2,3,1,32,3,6,2,3,3,2,4,3,0,2,3,4,1,1
1740,2,4,1,40,5,4,1,1,3,3,21,8,12,8,2,2,2,1
1744,3,3,2,45,3,8,2,4,4,2,5,0,0,3,3,3,4,1
1745,1,4,2,30,1,3,1,0,3,2,9,7,0,7,1,4,3,1
1746,3,3,1,24,1,8,2,0,3,2,2,2,2,1,4,1,3,1
1747,3,3,2,30,1,8,3,6,3,0,4,2,1,2,4,3,2,1
1749,2,3,1,31,2,6,2,1,3,3,5,2,0,2,3,1,3,1
1751,1,3,2,27,1,3,1,1,3,5,6,2,1,4,4,3,2,1
1752,2,3,2,29,1,7,1,1,3,3,2,2,2,2,2,2,3,1
1753,1,3,1,29,2,1,1,8,3,5,3,2,0,2,3,4,4,1
1754,2,2,1,30,3,6,3,2,3,2,7,7,1,7,1,3,3,1
1755,1,4,1,34,1,3,2,0,3,3,5,0,1,2,4,4,3,1
1756,2,3,2,33,2,6,1,8,3,2,11,7,1,7,2,4,2,1
1757,2,4,2,49,2,6,1,3,3,1,5,1,0,4,4,4,4,1
1758,2,3,2,33,3,6,1,2,4,2,0,0,0,0,1,1,2,1
1760,1,2,2,38,1,2,2,4,3,4,6,1,0,5,2,3,2,1
1761,2,4,1,31,3,6,2,2,3,2,1,0,0,0,3,1,3,1
1762,1,3,2,29,1,3,3,1,3,2,1,0,0,0,1,4,3,1
1763,1,3,1,30,2,1,2,3,3,3,7,0,1,7,3,3,3,1
1764,1,4,1,32,1,3,1,2,3,3,7,7,0,7,2,2,3,1
1766,1,3,1,38,2,1,2,3,3,2,1,0,1,0,4,2,3,1
1767,1,3,1,43,1,3,2,9,3,4,1,0,0,0,3,3,3,1
1768,1,3,1,42,1,2,3,8,4,6,5,3,0,4,2,2,2,1
1770,1,3,1,55,5,9,2,8,3,2,1,0,0,0,1,3,3,1
1771,1,3,1,33,2,3,3,5,3,2,9,8,1,7,2,4,2,1
1772,1,4,1,41,1,2,3,1,4,2,5,3,0,4,1,3,3,1
1774,2,3,1,34,2,6,3,1,3,3,15,14,0,7,3,4,3,1
1775,1,4,2,53,4,5,2,4,4,2,3,2,0,2,3,1,2,1
1778,3,3,1,43,1,8,1,0,3,5,9,7,1,8,4,2,3,1
1779,2,2,2,34,2,6,1,5,3,3,2,2,2,2,4,4,3,1
1780,2,1,1,21,1,7,1,1,3,3,1,0,1,0,2,2,3,1
1782,1,2,2,38,1,2,2,1,3,3,5,4,0,4,3,4,3,1
1783,1,1,2,22,1,2,2,1,3,6,1,0,0,0,1,3,3,1
1784,2,4,2,31,2,6,2,1,3,3,12,7,5,7,4,1,3,1
1786,1,3,2,51,3,4,2,2,3,2,2,2,2,2,3,1,3,1
1787,2,2,1,37,2,6,2,1,3,2,5,2,0,3,2,2,3,1
1789,1,4,1,46,5,9,3,7,3,3,2,1,2,2,4,3,3,1
1790,1,3,1,36,3,1,2,7,3,1,12,8,5,7,1,4,3,1
1792,1,2,1,44,1,3,3,1,3,2,5,3,2,3,2,3,2,1
1794,3,2,1,37,2,8,3,2,3,4,10,0,4,7,2,3,2,1
1797,2,3,1,35,2,6,1,1,3,2,10,7,7,7,4,3,3,1
1798,1,4,1,33,1,3,2,6,3,1,10,8,7,6,1,4,3,1
1799,1,3,1,28,1,3,2,1,3,6,5,3,0,3,4,3,4,1
1800,1,1,1,39,3,9,1,7,4,3,4,3,2,2,3,3,3,1
1801,2,2,1,46,2,6,1,8,3,3,2,2,2,2,2,2,3,1
1802,1,2,2,40,1,2,2,4,3,5,4,3,0,2,1,3,2,1
1803,1,3,1,42,2,1,2,5,3,2,0,0,0,0,1,2,2,1
1804,1,2,1,35,2,5,3,2,3,6,7,7,1,7,4,2,3,1
1805,3,3,1,38,1,8,3,5,3,3,11,10,3,8,2,1,3,1
1807,1,4,1,34,2,2,2,4,3,3,7,1,0,7,1,4,2,1
1809,1,4,1,37,2,5,1,1,3,4,10,3,0,8,1,4,1,1
1812,2,3,1,39,2,6,3,2,3,6,2,1,2,2,4,3,3,1
1813,1,3,1,43,1,3,1,4,3,2,3,2,1,2,3,1,2,1
1814,1,3,1,41,2,1,1,3,3,3,3,2,1,2,2,2,1,1
1815,2,1,2,41,3,6,3,0,3,3,22,14,13,5,3,3,4,1
1816,1,3,2,30,3,5,1,9,3,3,7,7,0,2,3,1,3,1
1818,3,2,2,26,1,8,2,0,3,3,5,1,1,4,2,4,3,1
1821,1,2,2,46,2,1,2,4,4,2,9,7,3,7,2,4,4,1
1822,1,3,2,40,2,1,3,4,3,3,5,3,0,3,4,3,3,1
1823,2,2,1,34,2,6,2,1,4,5,10,8,4,8,3,2,3,1
1824,2,3,1,58,4,4,3,4,4,0,16,9,14,14,2,2,2,1
1826,1,4,1,35,1,2,2,0,3,2,5,4,0,3,3,2,4,1
1827,1,3,2,47,3,5,3,8,3,4,22,11,14,10,2,3,3,1
1829,1,3,2,40,2,1,3,2,3,3,7,4,7,7,1,2,3,1
1830,1,4,2,54,2,3,2,4,3,2,7,1,1,7,4,4,2,1
1833,2,4,2,31,3,6,2,2,3,3,3,2,2,2,1,1,3,1
1834,1,3,2,28,1,3,2,1,4,3,3,2,1,2,1,3,3,1
1835,2,4,2,38,2,7,2,2,4,4,4,2,0,3,4,2,2,1
1836,2,3,1,26,2,6,1,1,3,4,5,3,1,2,4,3,3,1
1837,1,4,1,58,4,9,2,2,3,3,2,2,2,2,3,1,3,1
1839,1,3,2,18,1,3,1,1,3,4,0,0,0,0,3,2,1,1
1842,3,5,1,31,1,8,2,0,3,4,1,0,0,0,1,4,3,1
1844,3,3,1,29,1,8,3,4,3,3,2,2,2,0,1,1,3,1
1845,2,4,2,45,2,6,2,4,4,3,8,7,5,7,3,3,4,1
1847,1,4,2,36,2,3,2,4,4,2,1,0,0,0,2,4,3,1
1849,2,4,1,43,2,6,2,1,4,5,7,7,7,7,4,1,3,1
1850,1,2,2,27,1,2,1,0,3,3,5,4,0,2,4,4,2,1
1852,1,1,1,29,1,2,2,1,3,3,11,8,3,10,4,4,4,1
1853,2,4,1,32,2,6,1,8,3,2,0,0,0,0,4,4,4,1
1854,1,4,1,42,1,3,2,3,4,1,6,3,3,3,3,3,2,1
1856,1,4,2,47,1,2,1,4,3,2,2,2,2,0,3,2,3,1
1857,1,2,1,46,3,5,3,3,3,4,9,8,4,7,4,4,2,1
1858,3,2,1,28,1,8,3,1,3,2,3,2,2,2,4,3,3,1
1859,1,1,1,29,2,1,3,8,3,3,7,0,1,6,3,4,3,1
1860,1,3,1,42,1,2,1,4,3,3,0,0,0,0,3,4,3,1
1862,2,4,1,32,2,6,1,7,3,3,2,2,2,2,2,3,2,1
1863,2,3,2,46,4,6,3,2,3,5,19,17,2,8,1,1,3,1
1864,2,1,2,27,2,7,2,1,4,5,9,8,5,8,3,2,3,1
1865,3,1,1,29,1,8,2,1,3,3,1,0,0,0,2,4,3,1
1866,1,3,2,43,5,4,2,7,3,2,16,12,6,14,3,1,3,1
1867,1,3,1,48,5,9,2,4,3,3,22,10,12,9,2,4,3,1
1868,1,2,1,29,1,3,1,1,4,3,1,0,1,0,4,4,2,1
1869,2,3,2,46,3,6,2,5,4,2,8,7,0,7,2,3,3,1
1870,1,3,2,27,1,3,2,0,3,2,7,6,7,3,1,4,2,1
1871,1,4,1,39,2,3,3,8,3,2,2,2,2,2,4,4,3,1
1873,1,4,1,55,1,3,2,8,4,2,5,2,0,4,4,2,4,1
1875,2,3,2,28,1,7,2,1,3,3,1,0,0,0,2,2,3,1
1876,2,3,1,30,1,7,1,1,3,3,1,0,0,0,4,2,2,1
1878,1,1,1,22,1,3,1,1,4,2,1,0,0,0,2,4,3,1
1880,2,4,2,36,2,6,2,1,3,4,10,9,1,7,3,2,3,1
1881,1,3,1,31,2,2,3,1,3,2,10,8,0,2,3,2,3,1
1882,2,3,1,34,3,6,2,2,3,3,5,3,1,0,4,3,3,1
1883,1,3,1,29,1,2,1,3,3,2,3,2,1,2,1,4,3,1
1885,1,4,1,37,2,3,2,5,4,2,5,3,0,4,1,4,3,1
1886,1,2,2,35,2,5,2,0,3,2,3,2,0,2,2,4,3,1
1888,1,2,2,45,2,5,2,0,3,2,9,8,3,8,4,2,2,1
1890,3,1,1,36,2,8,1,1,4,2,10,1,0,8,4,2,2,1
1892,1,4,1,40,4,4,3,2,3,3,19,7,11,16,1,1,3,1
1893,1,2,2,26,1,3,2,1,3,3,1,0,1,0,3,2,2,1
1898,2,2,2,27,2,6,1,0,3,5,8,7,0,7,3,1,2,1
1900,1,3,2,48,4,4,3,3,3,3,22,17,4,7,4,4,3,1
1903,1,4,1,44,2,1,2,2,3,5,2,0,2,2,1,2,3,1
1905,1,4,1,34,1,3,2,1,4,2,5,2,3,0,1,4,3,1
1907,1,2,1,56,1,2,1,1,3,3,4,2,1,0,4,1,3,1
1908,2,2,1,36,2,6,2,2,3,1,4,2,1,3,2,3,1,1
1909,2,3,2,41,2,6,2,5,4,3,5,4,1,4,2,3,3,1
1911,1,3,1,42,3,9,2,9,3,3,13,7,5,7,1,3,4,1
1912,2,2,2,31,2,6,3,2,3,2,5,2,1,4,4,3,3,1
1915,2,1,2,34,2,6,2,3,3,3,4,2,0,1,4,4,2,1
1916,1,3,2,31,1,2,3,8,3,0,2,2,2,2,3,1,2,1
1918,1,3,1,26,1,2,2,0,3,3,7,7,7,7,4,3,3,1
1922,1,4,1,45,2,1,1,4,3,3,4,2,0,3,3,2,3,1
1924,2,4,1,33,2,6,1,1,3,2,10,4,0,9,3,2,2,1
1927,2,2,1,28,2,6,2,1,3,2,7,7,0,7,4,3,3,1
1928,2,3,1,29,1,7,1,1,3,3,1,0,0,0,1,3,3,1
1929,2,4,2,39,2,6,2,6,3,1,3,2,1,2,3,1,3,1
1931,1,4,1,27,1,3,2,1,3,3,5,3,1,2,2,2,2,1
1932,1,4,1,34,2,3,2,1,3,3,15,10,6,11,4,3,3,1
1933,2,2,2,28,2,6,1,3,3,0,2,0,2,2,3,4,3,1
1934,1,4,1,47,2,3,2,8,3,4,8,7,1,7,2,3,4,1
1935,2,5,2,56,2,6,2,4,3,3,0,0,0,0,1,4,3,1
1936,1,2,1,39,2,5,2,1,4,3,10,0,7,9,1,1,3,1
1937,1,3,2,38,2,3,3,1,3,3,20,11,0,7,2,4,3,1
1938,2,3,2,58,4,4,2,4,3,2,1,0,0,0,4,4,2,1
1939,1,2,2,32,1,3,1,3,3,2,4,1,0,3,3,1,3,1
1940,1,2,1,38,1,3,3,2,3,0,5,2,0,3,4,2,4,1
1941,1,1,1,49,5,9,2,3,3,3,5,4,4,3,4,2,3,1
1943,2,4,1,42,2,6,3,3,3,4,0,0,0,0,4,2,3,1
1944,3,3,2,27,1,8,2,1,3,2,1,0,0,0,2,1,3,1
1945,2,4,1,35,2,6,2,0,3,2,5,3,0,4,1,2,1,1
1947,1,3,1,28,1,3,1,1,3,3,5,3,1,4,3,3,2,1
1948,1,2,1,31,1,3,3,1,3,3,4,2,2,3,1,3,4,1
1949,1,4,1,36,1,2,2,1,4,3,5,4,0,2,2,1,3,1
1950,2,3,1,34,3,6,1,1,4,3,14,8,2,1,4,1,2,1
1951,2,4,1,34,3,6,3,1,3,2,8,7,1,1,3,4,2,1
1952,1,3,1,26,1,2,1,0,3,6,7,7,7,6,1,3,2,1
1954,1,3,1,29,2,1,2,0,3,5,5,3,0,2,1,1,2,1
1955,1,4,2,32,2,1,3,5,3,6,5,1,1,2,4,3,3,1
1956,1,3,1,31,2,3,2,1,4,6,10,8,8,7,1,4,3,1
1960,1,3,1,28,1,2,3,5,3,2,4,1,0,3,4,3,2,1
1961,2,3,1,38,1,7,1,4,3,3,1,0,0,0,1,1,2,1
1962,2,4,2,35,2,6,2,1,3,2,10,8,0,9,4,3,3,1
1965,2,3,1,27,2,6,1,1,3,5,7,7,0,7,4,4,3,1
1966,1,4,1,32,2,5,1,8,4,1,1,0,0,0,4,4,3,1
1967,2,4,1,31,2,6,2,1,3,4,10,7,0,8,4,1,3,1
1968,2,4,1,53,3,6,1,6,3,2,2,2,2,2,1,1,2,1
1969,1,2,2,54,2,3,2,3,3,6,4,3,2,3,3,1,2,1
1970,1,2,1,33,2,1,3,1,4,2,9,7,2,8,3,4,3,1
1971,1,3,1,43,3,1,2,1,3,1,10,9,0,9,3,1,3,1
1972,3,4,1,38,1,8,2,0,3,2,6,2,1,2,2,4,3,1
1973,3,4,1,55,5,4,2,4,3,0,10,9,1,4,2,3,3,1
1974,1,1,2,31,1,2,3,1,3,4,1,0,0,0,4,4,3,1
1975,2,4,1,39,4,6,1,0,3,3,20,8,11,10,1,2,3,1
1976,1,2,1,42,2,3,1,1,3,2,20,9,3,7,3,4,3,1
1979,1,3,2,31,3,9,2,4,4,2,11,7,4,8,3,3,4,1
1980,1,3,2,54,2,5,1,6,3,3,5,2,1,4,1,3,3,1
1981,1,2,1,24,2,1,1,1,3,2,4,3,1,2,3,2,2,1
1982,1,2,1,23,1,2,1,1,3,6,5,2,1,4,4,4,4,1
1985,1,3,2,40,2,2,2,1,3,2,10,9,9,4,3,4,4,1
1986,2,2,2,40,2,6,2,3,3,4,11,8,5,10,2,2,3,1
1987,3,3,2,25,1,8,2,4,3,3,2,0,1,2,2,3,3,1
1989,1,2,1,30,1,2,2,1,3,6,12,8,1,7,2,4,2,1
1992,1,1,1,25,1,2,3,6,3,2,2,2,0,2,3,4,2,1
1993,1,3,1,47,3,1,1,2,4,3,17,14,12,11,3,1,3,1
1994,1,2,1,33,1,2,3,1,3,2,1,1,0,0,3,2,2,1
1995,2,4,1,38,2,6,2,0,3,3,15,13,5,8,2,4,3,1
1996,2,2,1,31,1,7,2,0,3,1,2,2,1,2,3,1,3,1
1997,1,4,1,38,2,5,2,2,3,1,8,3,7,7,3,1,3,1
1998,1,4,1,42,2,3,3,6,3,3,4,3,1,2,1,4,2,1
1999,1,3,1,41,1,3,2,3,4,3,5,3,1,0,4,4,3,1
2000,1,1,2,47,3,9,2,0,3,3,13,8,5,12,2,3,1,1
2003,1,4,1,35,1,2,2,7,3,3,2,2,2,2,3,4,3,1
2007,1,2,1,22,1,3,1,0,3,2,3,2,1,2,3,4,4,1
2008,1,4,1,35,2,3,1,1,3,5,10,7,0,8,3,2,3,1
2009,1,2,2,33,2,1,2,0,3,6,9,7,8,1,4,2,3,1
2010,1,4,2,32,1,2,1,1,3,3,6,2,4,1,2,3,3,1
2012,1,4,1,40,1,2,2,8,3,3,1,0,0,0,4,1,2,1
2013,2,4,1,32,1,7,2,0,3,2,2,2,2,2,2,2,3,1
2014,1,1,1,39,2,3,1,7,3,2,7,7,1,7,4,1,3,1
2015,1,3,2,38,3,9,2,3,3,3,18,16,1,11,3,2,3,1
2016,2,4,2,32,3,6,2,1,3,3,14,10,5,7,4,3,3,1
2017,1,3,2,37,3,9,2,1,4,2,16,11,6,8,4,3,3,1
2018,2,2,2,25,2,6,3,0,4,3,5,3,0,4,3,1,2,1
2019,2,4,1,52,1,7,3,2,3,3,9,8,0,0,4,1,2,1
2020,1,3,1,44,1,3,1,6,3,2,4,3,1,2,4,2,3,1
2021,2,1,1,21,1,7,1,1,3,6,2,2,1,2,1,3,3,1
2022,1,3,1,39,5,4,1,2,3,3,6,0,1,3,4,4,2,1
2023,2,3,1,23,1,7,2,1,3,3,1,0,1,0,1,4,2,1
2024,2,3,2,36,3,6,2,0,3,2,9,7,3,4,4,1,3,1
2025,1,2,2,36,2,5,3,7,3,3,4,2,0,2,2,4,3,1
2026,1,4,1,56,2,1,3,1,4,2,13,12,1,9,3,3,2,1
2027,1,4,1,29,1,3,2,9,3,3,2,2,2,2,4,1,4,1
2031,1,3,1,42,5,4,2,5,3,2,22,6,4,14,3,1,2,1
2032,1,2,1,56,1,2,2,8,3,4,10,9,9,8,3,4,1,1
2034,1,4,2,41,4,5,2,0,4,3,20,7,0,10,2,1,3,1
2035,2,3,2,34,2,6,2,1,4,2,8,7,1,7,3,4,3,1
2036,2,4,1,36,2,6,3,1,4,4,15,12,11,11,4,4,2,1
2037,2,3,1,41,2,6,3,2,3,5,5,4,0,4,2,3,3,1
2038,1,3,1,32,1,3,1,1,3,4,4,2,1,2,1,4,3,1
2040,3,4,2,35,3,8,1,1,3,2,9,0,1,7,4,3,3,1
2041,2,2,2,38,2,6,2,1,3,1,10,7,1,9,4,1,3,1
2044,2,4,1,50,2,6,3,7,3,3,6,3,0,1,3,2,3,1
2045,2,4,2,36,2,6,2,4,3,2,6,3,0,0,4,2,2,1
2046,2,3,2,45,2,6,1,8,3,3,5,3,0,1,3,4,3,1
2048,1,4,1,40,1,3,1,2,3,2,2,2,2,2,3,3,3,1
2049,1,4,1,35,2,1,2,1,3,2,10,2,0,2,3,3,4,1
2051,1,4,2,40,1,3,2,2,3,2,5,3,0,2,3,3,3,1
2052,1,4,2,35,1,3,2,1,3,5,4,3,1,1,4,3,3,1
2053,1,2,1,29,2,2,2,4,3,2,4,3,0,3,2,4,3,1
2054,1,4,2,29,1,3,1,1,3,3,5,4,0,4,1,4,1,1
2055,2,3,1,50,3,6,3,4,3,3,3,2,2,0,1,4,3,1
2056,2,1,2,39,4,6,2,0,3,2,20,9,9,6,4,2,2,1
2057,1,3,1,31,2,5,1,0,3,2,9,4,1,7,1,2,3,1
2060,2,3,2,26,1,7,1,0,3,2,4,2,0,0,3,4,3,1
2061,1,2,1,36,2,2,2,4,3,3,5,2,0,3,4,3,3,1
2062,1,1,1,39,3,1,2,4,3,5,7,7,1,7,1,4,3,1
2064,1,3,1,27,2,5,2,1,4,0,6,2,0,3,2,2,3,1
2065,2,3,1,49,2,6,2,2,3,3,9,6,0,8,2,4,2,1
2068,1,3,1,34,2,2,2,2,3,3,4,3,1,2,3,2,4,1
